-124.2517,37.0068,0.7509,0.0,522.51,524.7,515.42,516.18,2094600
-134.4773,37.5152,2.9174,8.7522,517.18,518.6,502.8,517.15,3326400
-76.6991,42.9115,36.2507,100.0,516.9,529.46,516.32,527.7,2691700
-66.6859,42.5216,67.3833,93.3976,527.6,528.0,522.52,526.66,1746400
-44.4134,44.9505,97.7992,100.0,527.11,532.93,523.88,531.35,1900300
-39.9521,43.5068,91.3267,80.5825,533.76,533.9999,525.61,527.93,1683900
-57.4483,43.454,72.9899,38.3871,524.82,528.9,521.32,527.81,1021300
-101.1373,38.1902,39.6565,0.0,525.23,526.81,515.06,515.14,1684400
-159.0765,36.2564,12.7957,0.0,515.79,516.68,503.3,509.96,3215500
-140.4798,36.9467,3.1737,9.521,508.46,517.23,506.45,511.0,2015800
-107.4476,41.9764,29.6639,79.4708,510.75,519.9,504.2,518.73,2432800
2.0326,48.3939,62.9973,100.0,523.51,530.19,519.01,529.92,1907300
63.9311,50.0784,93.1569,100.0,530.89,536.07,529.51,533.09,1648900
22.9719,46.7406,91.5272,74.5815,533.0,533.0,525.29,526.65,1188500
-34.7536,43.5061,64.4875,18.8809,525.7,525.87,517.42,519.98,1699700
-45.3793,43.9135,33.22,6.1975,521.39,521.8,515.44,520.63,1481200
25.6969,48.9338,35.8876,82.5844,519.7,529.78,517.583,528.86,1274300
89.7066,49.4724,62.9273,100.0,529.74,536.23,526.3,529.77,1779900
146.0576,54.6613,94.1948,100.0,532.9,539.1828,531.91,538.94,1193000
198.193,57.7778,100.0,100.0,541.13,547.5999,540.78,545.06,1611400
213.8545,61.3495,100.0,100.0,547.26,553.64,543.7,552.7,1926900
253.6949,66.6228,100.0,100.0,556.0,566.0,554.35,565.95,2098400
204.3583,63.6108,91.6063,74.8189,564.57,567.84,561.0,561.68,1647500
152.542,62.4711,75.9601,53.0614,563.35,564.0,558.71,560.08,1350400
119.7901,62.3283,48.8139,18.5615,560.8,561.35,555.91,559.89,1766300
82.1738,57.86,23.8743,0.0,560.7,560.9,545.73,553.93,1431100
46.6014,51.8248,6.1872,0.0,550.99,552.34,542.55,544.94,1861500
30.7817,51.6441,0.0,0.0,541.5,548.61,538.75,544.66,1811500
55.4351,56.975,16.6317,49.8952,546.4,554.95,544.45,553.9,1684500
64.6511,58.2777,49.9651,100.0,558.06,558.06,548.93,556.33,1732000
87.8413,61.2855,83.2984,100.0,557.15,562.9,556.04,562.12,1463500
82.6263,60.0219,95.6315,86.8944,560.51,563.6,557.9,560.55,1348000
62.2641,58.6046,74.9004,37.8068,558.0,559.88,555.0201,558.84,1097100
28.6263,52.7314,41.5671,0.0,557.3,557.99,548.46,551.35,1454500
4.8645,53.009,13.6841,3.2455,552.26,552.3,545.56,551.76,1217200
-43.6924,47.5249,1.0818,0.0,549.26,549.62,541.52,544.28,1697900
-81.2047,46.6426,1.0818,0.0,544.2,545.32,539.33,543.01,1440600
-21.2661,54.1247,33.3333,100.0,544.86,553.56,544.0,553.37,1737000
-3.614,55.1254,66.6667,100.0,554.24,555.0,548.51,554.9,2450100
15.1352,56.1094,100.0,100.0,556.85,557.58,550.3915,556.36,4496000
90.2308,61.4634,100.0,100.0,555.15,565.0,554.25,564.95,1532600
141.1185,61.1548,98.5982,95.7945,565.19,572.646,561.01,564.62,2201100
213.1544,68.4162,98.5982,100.0,565.26,579.96,565.22,578.65,1964000
197.4492,65.91,91.8102,79.636,581.0,582.45,571.85,576.0,1737200
165.8429,66.5279,84.5439,73.9956,577.18,579.87,573.8,577.24,2230800
136.9127,64.5368,66.7356,46.5753,578.66,579.57,574.75,575.28,1310200
146.2321,68.3794,73.208,99.0532,578.32,584.4,576.65,582.67,1444000
135.3209,68.0196,78.755,90.6364,583.35,585.4399,580.39,582.335,1053500
119.8539,69.2648,96.5632,100.0,583.35,585.01,580.92,584.73,712200
100.7664,66.3826,76.5585,39.0392,583.76,586.4299,579.59,582.25,1061700
38.9704,55.2425,46.3464,0.0,577.66,579.5284,566.135,571.09,1904300
44.5666,58.5889,20.9679,23.8645,571.58,576.72,569.376,576.08,1113700
24.6125,54.2311,7.9548,0.0,565.91,576.59,565.01,571.1,1353000
53.8087,59.4952,22.3951,43.3207,571.91,580.85,571.42,579.18,1617300
80.1533,62.7448,47.7736,100.0,582.6,585.21,578.03,584.87,1849000
75.752,62.6591,80.7716,98.9942,585.74,585.8045,576.56,584.78,1618600
88.8831,60.5625,91.1206,74.3675,588.0,588.4,582.2,582.66,1393300
0.162,52.5812,57.7872,0.0,579.53,580.99,568.61,573.7299,3008300
159.9557,64.5946,58.1225,100.0,593.0,596.8,582.0,595.08,4003200
133.6163,60.2736,54.6771,64.0314,591.75,594.4,585.2326,589.47,2056500
174.9491,62.7916,83.0077,84.9918,590.72,599.65,590.6,594.74,1694500
164.554,63.3798,79.637,89.8878,593.23,597.85,592.5,595.98,1229800
140.1543,61.1711,65.2173,20.7722,596.45,599.5,591.77,593.35,1032300
70.721,57.6115,36.8866,0.0,590.4,591.86,587.03,589.02,929900
62.8374,58.5591,12.4002,16.4283,588.07,592.5,584.7533,590.6,984100
25.5433,54.4212,5.4761,0.0,588.75,589.7,583.515,585.61,1346200
30.08,55.6455,11.5222,18.1381,586.55,589.5,584.0,587.42,1013700
-92.2771,44.4155,6.046,0.0,580.6,583.6499,570.0,571.6,2097000
-138.7745,41.2794,6.046,0.0,570.4,575.9599,562.85,566.07,1949900
-100.5199,46.4888,12.0873,36.262,569.04,575.35,564.1,573.15,1423400
-129.7497,41.9183,13.5697,4.4473,570.05,571.98,562.61,565.07,1547000
-125.5985,42.8941,23.9015,30.9952,561.78,570.7,560.0,566.374,1330700
-124.9324,41.1724,11.8142,0.0,568.0,569.89,561.1,563.36,1107900
-101.1893,45.4082,36.8894,79.6729,563.56,570.25,560.35,568.77,1490700
-79.2884,44.8362,55.39,86.4972,569.99,570.49,566.0,567.88,1211400
-98.1681,41.573,58.5431,9.4592,564.52,565.9,560.88,562.73,1537800
-41.3554,50.6274,65.3188,100.0,567.31,575.0,565.75,574.78,1437900
-25.4224,50.5365,69.4848,98.9951,576.18,577.9,570.88,574.65,982800
-21.5797,49.6712,96.1447,89.439,577.86,579.38,570.52,573.48,1515000
23.5784,55.7273,96.1447,100.0,576.11,584.51,576.0,582.16,1280600
65.0034,58.6301,96.4797,100.0,585.0,587.34,584.0,586.86,976000
62.6899,56.6143,92.4998,77.4995,585.88,586.7,582.57,584.49,1033900
60.0193,55.6407,81.3773,66.6323,583.82,584.5,581.14,583.37,912300
64.263,54.9053,48.0439,0.0,583.59,585.236,580.64,582.56,786900
59.0092,52.7191,22.2108,0.0,584.72,585.0,579.0,580.2,1357700
40.0448,50.569,-0.0,0.0,581.26,581.8,576.58,577.86,1635200
-9.0039,44.8005,-0.0,0.0,577.27,578.49,570.103,571.0,1698700
-41.6978,43.4015,-0.0,0.0,569.56,573.25,567.1,569.2,1289400
-39.1632,45.8304,8.6894,26.0681,571.33,572.04,567.0692,571.6,1080800
14.8664,51.2135,42.0227,100.0,571.85,577.83,571.19,577.33,1574100
44.3584,51.7631,75.356,100.0,580.0,582.99,575.0,577.94,1211800
77.9193,55.3505,100.0,100.0,580.0,586.0,579.22,581.98,1454200
95.5862,58.7068,100.0,100.0,583.98,586.55,581.95,586.08,1627900
132.6204,61.4755,100.0,100.0,586.6,591.77,586.3,589.72,1427100
59.643,52.4184,68.9157,6.747,588.9,589.0,580.0,581.01,1283700
26.106,54.1635,42.0048,19.2674,581.5,583.5,576.94,583.1,974700
1.1426,52.4296,8.7125,0.1232,580.36,581.81,576.26,581.35,1217700
-42.5675,47.1116,6.4635,0.0,581.0,581.64,574.46,575.62,1597300
-120.0506,44.9521,0.0411,0.0,572.94,574.95,568.21,573.1,1593200
-24.3927,51.4647,23.5673,70.7019,572.76,581.5,572.66,579.95,1476300
66.7259,55.458,56.9006,100.0,580.01,587.5199,578.775,584.77,1688200
127.0372,58.861,90.234,100.0,587.0,589.54,585.0,589.27,1440600
188.6617,63.4163,100.0,100.0,591.5,596.48,589.5,596.08,3726400
100.6332,55.0243,76.5944,29.7831,593.82,593.949,583.46,587.37,1684900
30.9842,49.9268,43.261,0.0,586.85,586.85,581.0,581.13,1467400
63.4551,54.876,22.1573,36.6889,581.46,589.63,580.52,587.99,1721085
-28.2875,45.7062,12.2296,0.0,587.55,587.98,574.18,575.06,1915643
-64.8563,47.2051,17.5918,16.0864,576.06,579.25,574.66,577.1,1439807
-98.6506,46.7015,8.98,10.8538,571.75,578.19,571.17,576.36,1281204
-79.0118,47.5164,15.5605,19.7413,576.93,579.85,572.85,577.36,1618437
-147.3296,41.33,10.1983,0.0,576.01,577.5799,567.01,568.27,1445027
-154.1217,42.9235,15.1664,25.758,567.31,571.91,563.32,570.08,1175307
-65.7189,47.348,41.0117,97.277,573.05,577.225,572.5,575.28,1138636
-28.6386,49.0414,74.345,100.0,578.8,581.0,574.44,577.35,1211320
-144.2193,39.9447,65.759,0.0,574.4,575.27,563.74,563.74,1906427
-123.8842,46.7865,58.4041,75.2123,565.57,573.88,557.49,572.5,1987888
-151.1381,40.238,26.1456,3.2243,571.18,571.49,559.06,560.88,2519693
-226.8635,33.183,26.1456,0.0,557.72,565.1299,544.05,544.49,3078634
-257.4168,29.3667,1.0748,0.0,544.99,549.5,533.1,533.21,2578676
-196.2028,32.8539,6.6728,20.0185,538.9,547.19,533.1695,537.94,2217230
-212.6517,30.1713,9.1398,7.4008,531.01,532.8,518.3,530.03,3712536
-186.102,28.4269,9.1398,0.0,519.0,529.43,515.0,524.51,3698423
-169.7477,24.7089,2.4669,0.0,527.25,530.98,508.53,511.17,5530674
-140.2721,31.6841,28.5459,85.6376,509.45,521.76,508.1,520.84,2605505
-100.6631,35.4786,61.8792,100.0,525.19,526.79,519.11,526.54,2332531
-62.4924,39.4021,95.2125,100.0,529.89,539.8,528.8,532.71,2917183
-30.5726,45.8764,100.0,100.0,539.32,547.22,535.85,543.98,2345296
-32.9337,43.9901,95.5698,86.7094,544.36,544.88,535.79,539.78,1972047
-26.4044,44.5687,91.3776,87.4233,537.03,544.41,537.03,540.77,1184973
-0.4061,49.2085,91.3776,100.0,543.0,548.98,541.62,548.9,1273372
19.3959,49.4495,95.8078,100.0,550.0,554.19,546.98,549.33,1767107
19.3863,50.0314,100.0,100.0,548.95,552.8,543.51,550.31,1451667
68.0023,55.0216,100.0,100.0,559.35,559.57,554.75,559.08,2032887
68.0012,52.5348,85.7404,57.2212,555.5,557.9,553.23,555.22,1378511
62.4937,51.8096,66.526,42.3567,553.0,555.5,549.3,554.11,1240761
48.9838,46.6887,33.1926,0.0,556.8,556.8,544.05,545.92,2026740
22.6952,44.4474,14.1189,0.0,545.5,546.885,540.97,542.04,1329604
17.505,43.8456,-0.0,0.0,546.21,546.21,538.67,541.01,1629259
42.4615,48.5637,19.7474,59.2423,541.46,549.59,541.02,547.49,1131546
61.0169,50.4991,53.0808,100.0,548.49,551.9399,546.3,550.29,964866
44.6853,48.4113,75.9545,68.6212,550.39,550.46,545.17,547.31,1126594
29.683,47.0544,72.2832,48.2283,549.8,549.8,543.48,545.38,1335719
5.1032,46.3442,38.9499,0.0,546.68,546.68,542.15,544.4,1285991
-81.8812,40.9807,16.0761,0.0,543.58,543.79,534.061,536.51,1721282
-117.4639,40.0446,-0.0,0.0,537.5,541.94,534.17,535.03,1957664
-147.3034,41.9363,8.9956,26.9869,535.0,538.24,530.08,536.99,1388440
-146.5644,40.4226,10.996,6.0011,531.25,535.11,531.08,534.83,1559131
-80.3023,43.1541,44.3293,100.0,541.61,542.14,536.56,537.5,2218249
-72.4001,44.9557,68.667,100.0,537.65,542.7,535.62,539.27,1701682
-43.2781,46.8121,100.0,100.0,539.0,543.98,538.602,541.08,1784967
-56.311,46.1546,96.5695,89.7086,540.88,541.55,537.042,540.37,1519503
-45.613,47.779,96.5695,100.0,540.62,542.0,536.6,541.83,1145231
-94.6895,40.5356,63.2362,0.0,538.9,541.41,531.86,533.8,2109599
-123.9574,40.4944,33.3333,0.0,533.51,535.5,529.8,533.75,1522481
-127.4772,38.4507,-0.0,0.0,531.44,535.996,529.26,531.32,1279288
-87.2137,45.7227,25.9855,77.9566,531.16,537.34,528.59,537.31,1392208
-170.7901,36.4045,25.9855,0.0,531.0,532.89,524.28,525.26,2558649
-149.5755,38.3363,32.8959,20.7312,527.13,531.0,523.79,526.98,2327127
-109.0739,45.0183,37.7237,92.44,522.14,534.19,520.5,533.37,1871268
-100.8436,39.7162,49.5704,35.54,533.08,536.33,525.56,526.06,1716835
-87.2595,42.0103,64.3531,65.0794,527.8,533.92,527.1,528.34,1610964
-182.486,35.7841,33.5398,0.0,523.51,528.5,518.66,518.66,1989117
-217.1581,33.1293,21.6931,0.0,522.74,523.1,513.27,513.8,2812786
-315.4474,25.4323,-0.0,0.0,511.56,513.05,489.0,495.39,3953371
-218.5657,33.959,17.1445,51.4336,497.0,507.0,496.81,504.89,2875281
-132.9111,38.879,50.4779,100.0,512.95,513.87,504.7,511.1,2918730
-91.0936,42.7614,83.8112,100.0,511.51,517.72,506.9106,516.35,3680148
-26.0856,48.4807,100.0,100.0,516.08,526.46,516.08,524.87,2723599
32.8887,51.9519,100.0,100.0,527.0,534.56,526.29,530.59,2191567
29.2758,50.7795,97.0108,91.0323,530.51,531.759,527.02,528.77,704035
53.6652,54.0096,97.0108,100.0,528.77,534.25,527.31,534.03,1037727
59.3445,51.4518,81.5898,53.7372,532.19,535.48,530.011,530.33,2276104
44.1184,51.512,58.8041,22.675,528.09,531.15,527.13,530.42,873923
36.2312,48.6145,25.4707,0.0,531.25,532.6,525.8,526.4,1371819
26.3683,47.477,7.5583,0.0,529.01,531.27,524.1,524.81,1446662
-48.2972,40.4618,-0.0,0.0,523.26,524.33,513.06,513.87,2054238
-118.5127,34.4874,-0.0,0.0,515.0,516.175,501.05,501.96,2891950
-124.5719,34.0959,-0.0,0.0,507.0,507.244,499.65,501.1,2059366
-128.7291,35.5436,3.6063,10.8189,497.99,503.48,491.0,502.68,3344395
-115.9577,32.3869,3.6063,0.0,504.76,504.92,494.79,496.17,2054956
-135.7589,30.7514,3.6063,0.0,494.94,495.976,487.56,492.55,2320446
-93.9724,34.3325,24.9091,74.7272,498.84,502.98,492.39,496.18,2365687
-75.3634,38.7404,58.2424,100.0,494.65,503.23,493.0,500.87,2229638
-62.4743,39.5969,91.5757,100.0,505.57,505.68,497.76,501.79,2711355
-44.0909,45.2348,100.0,100.0,500.01,508.19,500.0,508.08,2292043
-27.2464,44.3976,97.4403,92.3208,511.0,512.5,506.016,506.9,2225922
4.6182,53.2033,97.4403,100.0,507.25,519.28,506.2,518.04,2262455
82.9464,62.572,97.4403,100.0,521.48,536.33,519.7,534.39,2669558
119.6346,65.1287,100.0,100.0,535.59,542.17,533.0,539.95,2275485
97.4501,61.2852,93.8201,81.4604,538.53,539.0,529.67,535.21,1539524
42.0015,50.1392,60.4868,0.0,529.97,530.7,518.19,518.63,1898844
5.3892,45.5005,27.1535,0.0,522.78,522.99,510.0,510.0,1679230
-26.3023,45.9127,0.6999,2.0997,511.0,511.09,501.2,510.66,4174924
100.2526,58.2146,27.5487,80.5465,515.86,539.87,515.52,534.52,5590977
81.5723,54.8157,51.971,73.2669,531.73,533.0,518.55,528.48,2841976
84.8195,55.1704,76.6233,76.0565,528.0,533.4,523.26,529.24,2033085
61.5854,51.4613,64.8091,45.1038,529.24,532.6715,521.27,522.76,1659125
57.7551,53.9417,52.6298,36.7292,523.79,528.5,522.09,527.58,1844687
77.7893,55.6726,60.611,100.0,527.64,537.2,526.41,531.0,1758650
56.7038,53.6597,62.977,52.2017,528.0,532.0,526.02,527.83,1264276
79.8489,58.3233,84.0672,100.0,529.3,537.7,526.92,536.94,1745076
88.0415,57.658,79.3115,85.7328,535.3,538.45,533.3775,535.97,1373970
115.7219,61.0882,95.2443,100.0,537.25,544.82,534.673,542.93,1615824
157.7453,63.8438,95.2443,100.0,543.35,549.91,543.13,549.01,1895126
130.6134,59.2577,75.287,25.8611,546.83,550.0,541.09,542.84,1612439
93.4258,57.0131,41.9537,0.0,541.4,545.49,537.51,539.7,1449089
88.0657,58.7134,16.9174,24.8912,538.04,543.11,538.01,542.87,987478
64.6836,55.7755,8.2971,0.0,543.13,543.75,535.8,538.95,1441212
8.291,50.8541,8.2971,0.0,536.05,536.439,529.41,531.91,1453907
18.8024,53.4788,11.1322,33.3967,530.0,536.79,528.25,536.09,1002393
83.3627,57.9774,41.3439,90.6351,535.9,546.22,535.445,543.87,1821041
150.5169,63.6294,74.6772,100.0,543.21,556.14,541.5,555.48,2305219
197.08,64.9078,96.8784,100.0,554.24,564.71,552.9,558.4,2403553
223.7218,69.9488,100.0,100.0,560.53,572.15,558.75,571.34,2123796
214.9289,70.753,100.0,100.0,570.45,575.39,566.52,573.64,1700084
177.8535,70.5144,98.8837,96.6511,571.87,577.11,568.01,573.37,1871694
159.817,71.2717,98.8837,100.0,575.02,577.91,573.41,575.33,1385818
113.2542,64.3316,65.5504,0.0,574.88,576.6799,566.76,567.685,1654561
86.4618,64.8926,36.0279,8.0838,566.86,570.27,563.535,568.85,1059336
34.8316,54.0219,2.6946,0.0,564.25,564.85,554.73,555.01,1787357
5.6521,51.4531,2.6946,0.0,555.14,558.14,550.68,551.18,1815763
5.2705,54.1098,6.5893,19.768,553.51,556.37,550.46,555.51,1385772
-21.4309,48.683,6.5893,0.0,553.5,558.4,544.22,547.32,1698872
-8.6106,53.1275,33.8886,81.8978,550.95,556.85,546.0,554.51,1636493
-20.3774,50.7131,39.7688,37.4087,551.71,553.8,548.0,550.84,1800570
3.1889,55.8156,73.1022,100.0,552.5,559.78,547.0001,559.5,2128714
17.0909,54.7513,74.1621,85.0775,559.39,560.8,556.145,557.99,1194049
25.4958,56.1642,95.0258,100.0,561.65,561.72,559.05,560.36,2609690
7.0757,54.9556,87.6351,77.8277,560.43,562.36,555.83,558.81,1639306
77.4772,61.5054,92.6092,100.0,562.56,574.59,561.21,570.19,2576234
21.9518,53.1623,59.2759,0.0,570.5,572.26,558.74,558.785,2146384
-61.066,50.8096,33.3333,0.0,557.59,558.9,550.65,555.17,1568331
-94.8573,46.6124,-0.0,0.0,553.0,555.28,548.13,548.34,1892323
-81.98,49.0607,5.4796,16.4389,551.62,553.47,548.17,552.03,1283958
-90.0284,46.55,5.4796,0.0,550.0,554.71,546.72,548.0,1583677
-134.555,43.3267,5.4796,0.0,548.6,551.14,539.5,542.56,1957718
-201.7974,39.5185,-0.0,0.0,540.85,540.85,533.8467,535.53,1711737
-199.6629,40.5078,3.4558,10.3675,532.22,538.41,529.57,536.765,1320767
-144.3532,40.7234,9.1677,17.1355,538.08,542.69,536.0,537.02,1299298
-102.7569,44.6141,42.501,100.0,538.38,543.85,538.38,541.61,1175332
-106.5593,44.0511,68.6952,88.9501,541.03,541.95,535.49,540.78,1553586
-90.0073,43.5026,87.2934,72.93,542.29,542.29,537.31,540.01,1405574
-77.0621,42.8753,72.3964,55.3092,538.41,544.06,537.31,539.17,1640809
-123.3439,36.8885,42.7464,0.0,536.25,537.5699,528.0925,530.39,2597043
-118.8541,39.1199,28.8207,31.153,528.7,534.73,523.22,532.53,2312512
-89.6714,40.4651,28.4097,54.076,529.9,535.59,529.61,533.8,1296304
-130.6905,34.2145,28.4097,0.0,528.66,529.84,521.01,524.05,2145955
-78.282,44.8714,51.3587,100.0,525.6,536.09,524.5,535.38,1675487
-48.3532,43.9179,63.6843,91.0528,537.51,539.39,533.675,533.97,1839668
-28.9504,48.4331,97.0176,100.0,534.4,541.08,531.75,539.365,1589248
69.5536,54.069,97.0176,100.0,541.0,550.96,540.23,547.0,4173376
242.5132,64.0717,100.0,100.0,566.1,571.14,557.25,565.06,4919031
163.9035,56.9103,88.1555,64.4665,563.39,565.95,553.2001,555.37,2398039
115.9524,55.7402,70.3971,46.7247,554.64,556.02,550.366,553.68,1490983
84.2844,52.5716,37.0637,0.0,550.47,553.68,546.905,549.08,1698761
-0.9107,45.4678,15.5749,0.0,547.87,548.59,535.05,537.34,2082214
-36.7229,45.8437,1.0951,3.2853,538.43,539.54,532.1,537.9,1768181
-6.6859,47.8354,8.7776,23.0476,538.53,544.07,535.06,540.78,1307960
-63.8512,42.0627,8.7776,0.0,538.21,539.74,530.3906,530.8,1383068
-121.4971,38.743,7.6825,0.0,531.24,532.38,521.085,524.22,1566987
-86.9384,43.4743,17.3454,52.0362,523.99,533.46,521.75,530.7,1546278
-4.8522,48.4503,50.6787,100.0,536.65,541.15,536.0,538.22,1527615
-10.2035,46.9585,78.8894,84.632,538.37,541.98,535.4,535.7,905285
-79.1887,43.1749,76.7623,45.655,531.6,533.2089,525.26,529.04,1634174
-65.6964,43.601,46.1219,8.0788,530.56,534.3215,528.655,529.62,1253063
-20.0419,49.7456,51.2446,100.0,533.77,539.0,532.41,538.4,1403935
-43.5405,46.8943,54.895,56.6063,539.18,539.2743,530.38,533.85,1971343
-65.5696,45.9285,66.1715,41.9083,532.01,534.82,528.85,532.3,2003421
-22.1742,49.5792,65.2687,97.2914,533.98,540.66,533.04,537.36,1966947
-10.591,50.926,79.7332,100.0,538.49,542.92,532.972,539.27,1430826
13.5576,53.2093,99.0971,100.0,537.95,543.8399,535.98,542.51,1462695
36.2887,51.3051,91.2818,73.8455,540.15,544.19,539.51,540.11,1176214
-44.6544,45.6006,57.9485,0.0,538.12,539.0,529.88,532.32,2406512
19.9381,51.2035,49.1611,73.6378,532.8,540.55,531.71,539.79,1525019
60.6342,51.1959,49.0586,73.5379,538.01,540.61,536.25,539.78,1029849
-23.0417,45.6035,49.0756,0.0512,537.37,538.63,531.45,532.11,2597407
-30.4493,47.128,33.6169,27.2617,536.79,536.79,529.76,533.99,1904332
55.1282,51.1946,42.3846,99.8409,532.93,543.0,531.33,539.18,1938989
92.457,52.0591,75.7009,100.0,539.91,543.5,537.11,540.31,1717036
27.9055,49.0686,84.5055,53.6755,537.76,540.59,534.32,536.7,1348337
-44.9736,46.3895,51.2252,0.0,536.35,537.2,532.52,533.33,1388220
-146.6086,41.6644,17.8918,0.0,533.31,534.12,526.24,526.83,1524139
-173.4952,41.5662,-0.0,0.0,527.56,529.2,523.01,526.69,1455266
-13.6786,50.5348,33.3333,100.0,529.36,538.36,529.35,536.69,1814958
-3.1752,48.8551,60.424,81.2719,538.425,538.98,533.02,534.61,1217536
-78.7778,47.0106,80.6591,60.7056,531.6,533.12,530.16,532.33,955789
-166.4626,43.0705,52.9166,16.7723,528.0,528.3,524.0,527.2,1632702
-129.3811,44.0064,30.0056,12.5389,528.4,529.6399,525.56,528.15,1071814
-103.4333,45.1413,21.7031,35.798,529.37,530.98,525.1,529.26,1294216
17.7647,52.1673,49.4456,100.0,531.0,538.15,530.79,536.73,1833109
37.9872,52.1288,78.4582,99.5768,537.21,538.25,533.01,536.69,1893497
114.799,53.5143,99.8589,100.0,539.59,543.74,537.53,538.19,1250282
90.3326,55.6258,99.8589,100.0,539.64,541.499,535.25,540.48,1197450
66.5242,52.6563,71.6953,15.0859,540.0,540.0,535.66,537.84,1286608
56.1036,49.8245,38.362,0.0,538.87,540.9,535.23,535.23,1335697
-9.4685,46.1958,5.0286,0.0,537.26,537.76,531.35,531.69,2109130
-160.4866,37.7007,-0.0,0.0,525.01,528.61,520.54,521.52,1937821
-148.5003,36.9735,-0.0,0.0,526.02,526.25,520.5,520.51,2235595
-134.8927,38.6516,4.3526,13.0579,524.73,525.69,518.2305,521.84,1961354
-104.9781,40.6477,17.6327,39.8402,521.08,524.65,521.08,523.4,1235903
-100.4124,40.1606,46.5468,86.7421,519.5,525.25,519.0,522.86,1280525
-93.2427,43.098,75.5275,100.0,523.13,526.18,515.18,525.02,1597229
-121.5999,35.9017,62.2474,0.0,521.05,522.734,516.11,516.83,1296699
-80.5154,40.8976,56.4746,69.4239,523.12,523.77,520.35,520.68,1842347
5.5828,50.9943,56.4746,100.0,526.29,532.56,525.55,530.13,1956682
128.6092,62.8651,89.808,100.0,532.88,547.11,532.4001,546.55,2206475
225.1135,69.8374,100.0,100.0,546.76,565.8487,546.71,561.1,3244066
204.078,68.9937,99.0282,97.0845,560.13,566.5029,556.79,560.22,1784554
240.565,75.9684,99.0282,100.0,565.12,580.68,565.0,579.85,4768318
423.41,88.8156,99.0282,100.0,649.0,674.468,645.0,672.93,11164943
269.8875,83.686,91.3739,74.1218,659.24,668.88,653.01,663.02,5860872
202.5075,83.3095,82.1148,72.2225,655.21,673.0,654.3,662.3,3377196
164.7143,83.1976,67.5383,56.2707,660.89,678.64,659.0,662.1,3929309
115.1088,73.6943,42.8311,0.0,661.27,663.63,641.0,644.28,3029109
78.3409,64.4728,18.7569,0.0,647.0,648.17,622.52,623.56,3625747
64.6553,65.3076,1.4773,4.4319,621.0,634.3,620.5,627.26,2675381
57.8478,65.4823,3.2745,5.3914,632.83,632.83,623.31,628.0,1727327
52.8179,66.4486,10.4166,21.4264,628.8,633.36,622.65,631.93,1575069
47.8974,66.6177,42.2726,100.0,630.0,635.22,622.05,632.59,1474203
40.5752,63.0029,40.4755,0.0,631.38,632.91,625.5,625.61,1706149
38.3576,64.6597,48.6117,45.835,625.34,633.0556,625.34,631.21,1304511
34.659,63.5864,20.6592,16.1425,628.42,634.81,627.16,629.25,1490881
47.7703,67.8473,53.9925,100.0,634.33,647.86,633.16,643.78,2008659
41.7985,67.2062,67.6359,86.7652,645.0,645.379,632.25,642.68,1572600
28.5195,62.9108,62.2551,0.0,640.23,642.68,629.71,635.3,1403865
22.6946,62.0029,28.9217,0.0,639.48,643.44,631.249,633.73,1809205
108.7399,70.0284,33.3333,100.0,669.2,674.9,654.27,660.78,5029203
84.41,69.3172,63.7131,91.1393,663.08,665.0,652.29,659.56,2940803
68.1748,67.4373,86.2845,67.7143,659.3225,664.5,651.661,656.45,1810749
67.4275,67.6409,76.3683,70.2513,655.01,659.855,652.66,657.12,1072061
76.2516,68.8162,63.7279,53.2182,656.8,661.38,651.24,660.87,1051699
79.7856,65.5742,41.1565,0.0,661.9,664.0,653.46,656.13,1456059
99.1552,67.2465,34.9332,51.5813,656.6,667.0,654.19,660.9,2134098
45.1104,58.257,17.1938,0.0,655.46,662.99,642.9,646.83,2855299
-107.6095,43.1065,17.1938,0.0,639.78,640.05,612.33,612.48,4265183
-235.5308,36.3318,-0.0,0.0,573.0,614.0,565.05,589.61,5770302
-186.6472,34.4092,-0.0,0.0,614.91,617.45,581.11,582.06,3537966
-73.4609,51.466,23.8412,71.5236,610.35,631.71,599.05,628.62,4235891
-15.6532,53.9558,57.1745,100.0,639.4,643.59,622.0,637.61,3491336
-31.9482,51.6605,86.5937,88.2574,632.82,636.88,624.56,630.38,1978733
-57.2646,47.9732,85.8836,69.3933,627.54,635.8,617.68,618.25,2176737
-130.3776,42.4673,52.5502,0.0,602.36,612.86,594.1,597.79,3702105
-89.3439,47.6965,38.3035,45.5173,605.68,614.34,599.71,614.34,2575620
-78.9653,45.5186,26.236,33.1908,617.0,619.71,602.8213,606.25,1759572
-97.7687,44.0331,35.7155,28.4385,600.0,603.47,595.25,600.7,2089453
-55.8337,48.5788,53.8764,100.0,612.49,616.31,604.12,614.66,2279538
-37.135,47.9954,71.8681,87.1658,621.22,626.52,609.6,612.72,1702094
-24.0681,50.8246,95.7219,100.0,613.1,624.16,611.43,621.35,1905276
-5.2121,52.2572,95.7219,100.0,619.75,625.78,617.42,625.77,1373545
0.6147,51.3353,92.7896,78.3687,625.7,625.86,619.43,623.24,1702271
51.4043,55.3273,92.7896,100.0,626.7,638.7,623.78,635.14,2084397
75.8203,55.6041,92.7896,100.0,635.47,637.95,632.32,635.98,1286454
126.1176,57.9178,100.0,100.0,637.79,650.9,635.02,642.9,2274690
77.9751,52.145,70.7671,12.3014,636.79,640.0,627.02,629.25,5133386
75.0072,54.3663,50.2599,38.4784,634.4,636.49,625.94,635.44,1788506
7.8691,49.2912,16.9266,0.0,627.0,627.55,615.43,622.69,2562869
11.8257,49.1633,12.8261,0.0,622.05,628.93,620.0,622.36,1470949
-3.1592,50.6024,9.22,27.6601,616.64,627.32,612.4,625.8,2240098
-29.647,45.0774,9.22,0.0,629.77,629.77,611.0,611.97,2174009
-143.2261,39.3614,9.22,0.0,610.34,614.605,589.38,594.89,3110651
-139.2844,39.4002,0.1149,0.3448,597.28,605.0,590.22,594.97,2310284
-83.5398,45.6861,18.8696,56.264,603.28,608.76,600.73,608.42,2332087
-70.7129,46.9506,52.2029,100.0,608.37,612.09,599.85,611.29,1867601
0.0199,53.3203,85.4213,100.0,607.2,627.34,603.13,626.91,2684805
113.236,58.3415,100.0,100.0,632.0,643.01,627.0,641.47,1803643
140.7348,59.617,100.0,100.0,638.84,649.25,636.5295,645.44,2236847
110.8539,58.13,96.0866,88.2597,649.24,650.609,632.15,642.36,2092714
69.3803,56.5517,79.8592,51.3179,641.36,644.45,625.56,639.16,2182081
89.0518,58.2493,64.9864,55.3816,640.0,645.99,635.318,643.61,1648736
94.6081,59.4234,66.7941,93.6829,642.09,648.5,639.01,646.67,1276134
115.6007,61.565,83.0215,100.0,643.15,657.8125,643.15,652.3,1807685
114.5631,60.8645,93.2367,86.0274,653.21,659.39,648.85,651.16,1415468
134.4964,64.8605,95.3425,100.0,654.66,663.13,654.46,661.74,1885737
124.501,65.0277,95.3425,100.0,664.11,664.97,657.2,662.2,1611128
118.8122,66.4838,100.0,100.0,661.18,666.82,659.58,666.1,1477340
70.6133,56.2524,66.6667,0.0,664.04,664.7197,644.195,650.28,2498215
43.4246,52.0687,33.3333,0.0,654.15,655.87,641.73,642.61,1794172
56.0183,56.2616,9.6957,29.0872,646.7,657.8,644.01,651.79,4070954
249.7168,71.1349,43.0291,100.0,727.5,730.0,701.5,702.0,6653923
220.4016,73.239,76.3624,100.0,701.55,719.15,701.26,712.78,2716615
185.4265,71.0203,96.5066,89.5199,707.38,713.62,704.55,708.49,2245796
155.8306,71.971,94.017,92.5311,707.33,712.98,703.08,712.95,2178917
143.4538,72.8255,87.8047,81.3632,710.5,718.26,710.01,716.92,1455965
114.8873,69.3226,57.9648,0.0,715.73,718.0,710.05,710.81,1908774
104.7756,71.7863,50.5653,70.3327,711.06,721.62,705.85,721.11,1886250
99.5351,72.0329,49.2349,77.3719,718.86,724.65,714.72,722.16,1565379
101.4025,73.449,82.5682,100.0,722.0,733.1,721.9,728.11,1706700
101.5602,74.1916,92.4573,100.0,729.47,739.48,729.47,731.25,1861550
90.0042,74.7985,100.0,100.0,731.5,735.41,727.01,733.76,1511599
72.1163,68.6549,66.6667,0.0,730.2,734.71,719.43,724.89,2069807
66.2683,69.6916,38.9581,16.8743,724.4,730.59,718.5001,728.32,1607994
84.8171,71.7672,22.5114,50.66,732.46,741.0,730.23,735.4,1366995
74.9038,68.7796,23.1876,2.0286,731.0,737.8,728.645,731.23,1837154
42.7242,59.6532,17.5629,0.0,729.17,731.15,716.73,717.0,2075504
45.3258,63.9793,12.5801,35.7118,715.6,729.49,711.33,728.96,1905893
54.9312,61.7957,17.7992,17.6859,729.29,731.845,723.027,725.3,1506733
100.0054,66.7102,43.5743,77.3251,727.58,741.41,727.0,740.0,1684259
129.0289,65.7253,60.3518,86.0445,738.74,742.0,737.43,738.41,1327879
203.1952,70.9999,87.7899,100.0,746.53,757.92,743.0,756.6,2213284
200.2644,70.6011,93.9039,95.6671,757.45,762.7075,751.82,755.98,1415385
117.4642,65.6677,65.2224,0.0,752.0,755.279,737.63,748.28,2334197
116.0057,65.5844,31.889,0.0,748.14,752.0,746.06,748.15,1122224
113.6297,66.3311,4.5963,13.789,748.46,753.41,747.49,750.26,838528
76.8223,61.1442,4.5963,0.0,748.81,754.93,741.27,742.6,2097624
151.2666,69.3732,37.9297,100.0,747.11,768.95,746.7,767.04,2134621
155.4207,66.4821,54.9556,64.8667,768.9,775.955,758.96,762.38,2230373
85.0778,60.7271,54.9556,0.0,766.01,768.995,745.63,752.54,2590641
105.4438,65.4042,39.6539,54.0951,753.1,768.49,750.0,766.81,2757283
97.7255,63.3764,28.2456,30.6419,767.77,768.73,755.09,763.25,1812314
81.1865,62.8576,40.5858,37.0205,757.89,764.8,754.2,762.37,1829475
24.9116,56.7414,22.5541,0.0,759.17,764.23,737.001,751.61,2699990
14.1417,55.5777,12.3402,0.0,752.85,755.85,743.83,749.46,1988380
-48.3946,50.1248,-0.0,0.0,741.16,745.71,736.75,738.87,2224410
-62.7582,54.1924,10.6488,31.9463,741.79,748.73,724.17,747.77,2421236
-15.9784,51.952,19.8539,27.6153,753.0,758.08,743.01,743.4,2666229
13.766,58.207,53.1872,100.0,750.0,760.59,739.435,758.09,1993251
16.533,53.7635,57.5457,45.0218,762.42,762.68,749.0,749.43,1553418
-97.6579,49.0511,48.3406,0.0,746.51,754.13,738.15,739.31,3148743
-67.1012,52.7774,28.5735,40.6986,746.13,750.0,740.0,747.77,1525703
-18.3844,53.7379,30.6292,51.1889,751.65,754.85,745.53,750.0,1365520
-27.1791,53.8783,63.9625,100.0,753.47,754.21,744.0,750.31,1566726
-35.4174,52.8145,76.3836,77.962,749.55,751.35,746.62,748.4,527223
66.0174,59.2204,92.654,100.0,752.92,762.99,749.52,762.51,1515716
196.2209,64.4155,92.654,100.0,766.69,779.98,766.43,776.6,1765012
152.9638,61.0847,90.4296,71.2887,776.6,777.6,766.9,771.0,1293521
73.1309,54.5146,61.9812,14.6549,769.5,769.5,758.34,758.88,1500923
-119.2374,46.8802,28.6478,0.0,743.0,744.06,731.2577,741.84,3272776
-68.7239,47.2258,5.542,1.9711,746.45,752.0,738.64,742.58,1950691
-100.7194,47.7405,2.6759,6.0566,730.0,747.18,728.92,743.62,1947034
-186.1551,40.6649,2.6759,0.0,730.31,738.5,719.06,726.39,2963741
-204.7841,36.6211,2.0189,0.0,731.45,733.23,713.0,714.47,2450857
-207.3585,37.4971,2.626,7.878,716.61,718.855,703.54,716.03,2090621
-122.6097,42.9612,21.6321,57.0184,721.68,728.75,717.3165,726.07,2024509
-164.3132,34.6682,21.6321,0.0,730.85,734.74,698.61,700.56,2501730
-146.541,41.427,46.1728,81.5002,705.38,721.925,689.1,714.72,2225768
-167.5766,35.7288,31.4297,12.789,692.29,706.74,685.37,694.45,3608109
-122.0984,39.0007,48.8442,52.2434,703.3,709.98,693.4101,701.79,2268078
-130.0971,38.0515,38.3631,50.057,688.61,706.85,673.26,698.45,3444962
-77.1491,41.7713,67.4335,100.0,702.18,719.19,694.46,706.59,2412211
-19.6276,49.2887,83.3523,100.0,723.6,728.13,720.121,725.25,2011797
-38.8282,44.7598,86.5658,59.6974,723.58,729.68,710.01,711.67,1711716
-49.1105,45.3058,74.7512,64.5563,713.85,718.28,706.48,713.04,1331691
-72.4937,41.135,41.4179,0.0,713.67,718.235,694.39,699.99,2194227
14.571,52.3468,54.8521,100.0,722.22,733.69,712.35,730.96,2676397
83.5757,55.8526,66.6667,100.0,731.53,744.9899,726.8,742.95,3474319
152.742,58.3437,100.0,100.0,750.46,757.86,743.27,752.0,5139157
222.338,61.605,100.0,100.0,784.5,789.8699,764.65,764.65,6348126
84.1773,49.2339,66.6667,0.0,770.22,774.5,720.5,726.95,6171019
-35.7458,44.4091,33.3333,0.0,722.81,727.0,701.86,708.01,5168709
-126.2993,39.0862,-0.0,0.0,703.87,703.99,680.15,683.57,5105725
-157.1919,38.9156,-0.0,0.0,667.85,684.03,663.06,682.74,4247355
-119.7348,37.9213,-0.0,0.0,672.32,699.9,668.77,678.11,3608914
-86.2133,40.062,10.9989,32.9967,686.86,701.31,682.13,684.12,2638007
-104.889,39.8136,40.4632,88.393,675.0,689.35,668.8675,683.11,3024043
-81.1208,39.6275,67.0303,79.7013,690.26,693.75,678.6,682.4,2141373
-59.0538,43.0965,89.3648,100.0,692.98,698.0,685.05,691.0,2520021
-21.3666,49.4281,93.2338,100.0,699.0,709.75,691.38,708.4,2492634
-27.4478,45.9327,88.1117,64.3352,710.0,712.35,696.03,697.35,1883248
-34.0967,47.2275,80.6272,77.5465,695.03,703.0805,694.05,700.91,1589281
-5.4861,49.2672,79.7806,97.4602,707.45,713.24,702.51,706.46,1949816
-30.076,45.6358,58.3356,0.0,701.45,708.4,693.58,695.85,2009280
-46.2479,47.104,45.9635,40.4304,688.92,700.0,680.78,699.56,1963573
-20.8867,49.5521,46.8101,100.0,700.01,705.98,690.585,705.75,1642166
1.4264,49.2822,77.8468,93.11,708.58,713.43,700.86,705.07,2243522
-8.5995,46.3634,70.5633,18.58,700.32,710.89,697.68,697.77,2481145
48.5652,54.6924,70.5633,100.0,703.62,718.81,699.77,718.81,2151419
106.5968,54.7068,72.86,100.0,719.0,720.0,712.0,718.85,1629003
99.3268,51.8538,88.6016,65.8048,718.68,719.45,706.02,712.42,1957974
89.9099,51.17,74.4712,57.6087,714.99,716.49,706.02,710.89,1972077
-12.3312,44.6504,41.1378,0.0,706.9,708.0912,686.9,695.16,2988026
-40.2959,44.1917,19.2029,0.0,688.59,703.79,685.34,693.97,2058471
12.2905,49.4847,23.0269,69.0808,698.47,705.68,694.0,705.24,1421515
88.3868,52.7319,56.3603,100.0,708.12,716.44,703.36,712.82,2833525
182.7423,58.0903,89.6936,100.0,720.0,726.92,717.125,726.82,1970815
205.6006,59.39,100.0,100.0,726.81,735.5,725.15,730.49,1718252
162.6902,58.2451,96.1474,88.4421,726.92,732.29,724.77,728.33,1720965
161.8866,61.1431,96.1474,100.0,726.37,737.47,724.51,736.09,1624370
171.9562,61.7655,96.1474,100.0,736.45,743.07,736.0,737.78,1860834
137.0225,61.6522,98.9275,96.7825,741.86,742.0,731.83,737.6,2980709
125.9413,63.4526,98.9275,100.0,736.5,742.5,733.5157,742.09,1836503
117.0576,62.5094,85.3138,59.1589,737.46,745.0,737.46,740.75,1269749
99.2385,60.5631,53.053,0.0,742.36,745.7199,736.15,738.06,1432099
66.8932,58.5488,19.7196,0.0,732.01,737.747,731.0,735.3,1594891
62.2258,57.2341,-0.0,0.0,736.79,738.99,732.5,733.53,1301327
80.7675,62.927,33.3333,100.0,734.59,747.25,728.76,744.77,1903758
126.5894,65.4642,66.6667,100.0,750.1,757.88,748.74,750.53,1782427
86.5492,61.1016,82.3309,46.9927,749.25,750.85,740.94,744.95,1718798
81.9709,63.4343,74.1093,75.3352,738.6,750.34,737.0,749.91,1576745
82.6638,59.835,40.776,0.0,750.06,752.8,742.43,745.29,1134390
35.5738,54.4418,25.1117,0.0,738.0,742.8,735.37,737.8,1132294
56.5263,58.6681,15.666,46.9979,735.77,746.24,735.56,745.69,1053713
40.0022,54.9069,17.39,5.1721,745.37,746.9999,736.28,740.28,1453185
17.924,54.1264,17.39,0.0,743.97,745.45,735.55,739.15,1290787
-7.3759,51.9786,1.724,0.0,743.02,745.0,736.05,736.1,1220088
-11.728,56.2622,21.3448,64.0344,738.0,743.83,731.01,743.09,1352992
162.9416,60.8995,54.6781,100.0,749.16,754.38,744.261,751.72,1707641
191.5549,61.6505,88.0115,100.0,754.01,757.31,752.705,753.2,1135271
188.5853,64.5258,100.0,100.0,753.98,761.0,752.6938,759.0,1809332
212.3488,67.9241,100.0,100.0,760.46,768.05,757.3,766.61,1558848
124.2636,57.961,66.6667,0.0,769.51,769.9,749.33,753.93,2030526
73.9448,57.0652,33.3333,0.0,758.0,758.1315,750.01,752.67,1529217
88.8565,60.4455,10.3765,31.1296,755.38,760.45,749.55,759.14,3060490
-200.4686,39.5317,10.3765,0.0,726.3,736.12,713.61,718.77,5951938
-194.1455,41.8813,14.1213,11.2345,716.1,723.93,715.59,723.15,1959179
-212.2305,36.6287,3.7448,0.0,725.42,725.766,703.0264,708.14,2744587
-222.5224,35.886,3.7448,0.0,707.29,708.98,692.3651,705.84,3098587
-195.0423,31.4597,-0.0,0.0,708.26,714.17,689.55,691.02,2867255
-170.5216,32.6608,3.8417,11.5251,690.7,697.62,689.0,693.01,2487673
-130.0781,35.8255,31.995,84.4601,697.63,700.64,691.0,698.21,1645265
-117.6139,33.8955,50.3386,55.0306,696.87,697.84,692.0,692.36,1543785
-100.5372,36.0149,79.8302,100.0,690.49,699.75,689.01,695.7,1693525
-77.0038,39.593,85.0102,100.0,697.7,702.3199,695.72,701.43,1683507
-51.773,45.1763,100.0,100.0,698.38,711.86,698.1067,711.12,1829291
-29.7379,46.1608,100.0,100.0,712.0,718.71,710.0,712.9,1510289
-7.9596,51.5695,100.0,100.0,716.75,723.5,715.72,723.18,1569591
-13.703,47.6157,88.9957,66.987,723.41,724.48,712.8,715.29,1692063
-20.6195,46.6491,63.3412,23.0367,717.06,719.25,709.0,713.31,1361332
-20.6662,45.4058,30.0079,0.0,711.93,716.6619,709.26,710.83,1314499
-7.1656,48.7622,25.8302,54.4538,709.13,718.48,705.65,716.49,1317069
-11.8751,43.5371,18.1513,0.0,715.99,721.52,704.11,706.23,2001225
-26.9892,43.79,19.7645,4.8398,703.67,711.6,700.63,706.63,1766836
-53.034,40.6937,1.6133,0.0,702.36,706.0,696.8,700.32,1670234
12.442,46.7473,26.6225,75.0276,701.62,714.58,700.52,709.74,1828387
4.5556,43.9279,42.8181,53.4268,706.53,711.4781,704.18,704.24,1330692
90.9431,52.7685,76.1515,100.0,706.86,720.97,706.86,720.09,1929467
145.694,55.2516,84.4756,100.0,720.76,727.51,719.7047,725.27,1632564
130.0488,54.5657,97.981,93.9431,722.87,728.33,720.28,724.12,1576286
162.183,58.6688,97.981,100.0,724.01,733.936,724.0,732.66,1974962
181.9062,60.0606,97.981,100.0,731.74,739.73,731.26,735.72,2129545
150.543,58.9635,93.3447,80.0342,734.53,737.21,730.66,734.15,1253593
100.7046,56.3174,70.6373,31.8777,732.5,733.02,724.17,730.4,1341807
53.7744,51.0178,37.304,0.0,729.27,729.49,720.56,722.34,1226253
5.4843,47.5557,10.6259,0.0,724.91,724.91,714.61,716.55,1566059
1.0763,47.6218,0.1932,0.5795,719.84,721.98,716.55,716.65,1336754
61.2655,54.7638,27.6161,82.2688,723.96,728.57,720.58,728.28,1583701
62.7171,54.9345,60.9494,100.0,722.87,729.54,722.3361,728.58,988914
10.2714,48.8646,66.6692,17.7388,719.47,725.89,716.43,719.41,1216443
3.3327,48.2078,41.9173,8.013,716.51,725.44,716.51,718.36,1258930
-17.4825,48.1481,8.584,0.0,716.48,722.47,713.12,718.27,1306065
-6.1517,48.6431,5.1024,7.2941,719.0,722.98,717.31,718.92,1214517
-101.4825,42.8425,2.4314,0.0,714.91,716.65,703.26,710.36,1982471
-224.6491,33.48,2.4314,0.0,708.65,708.82,688.4515,691.72,3402357
-199.8191,35.1104,3.5841,10.7522,698.77,702.48,693.41,693.71,2082538
-178.9904,36.9745,11.2662,23.0463,698.4,702.77,692.01,695.94,1465634
-148.6957,38.2761,28.3419,51.2273,699.06,700.86,693.0819,697.46,1184318
-123.7745,42.0176,58.0912,100.0,697.45,701.95,687.0,701.87,2171415
-181.6839,30.1312,50.4091,0.0,675.17,689.4,673.45,675.22,4449022
-191.9465,27.9105,33.3333,0.0,671.0,672.3,663.284,668.26,2641085
-128.2122,36.4478,20.1725,60.5176,678.97,680.33,673.0,680.04,2173762
-89.7216,39.13,46.6827,79.5304,683.0,687.4292,681.41,684.11,1932561
-62.0979,44.1163,80.016,100.0,685.47,692.32,683.65,692.1,1597714
-24.4514,48.1839,93.1768,100.0,692.2,700.65,692.1301,699.21,1344710
-37.3856,45.8006,93.2307,79.6922,696.06,696.94,688.88,694.49,1462616
-21.1236,47.7353,91.5789,95.0446,689.98,701.68,689.09,697.77,1411925
-27.473,46.424,77.1569,56.734,698.08,698.2,688.215,695.36,1304200
30.9793,52.4218,83.9262,100.0,699.5,705.71,696.435,705.63,1575166
104.6897,57.1774,85.578,100.0,708.05,716.51,707.24,715.09,1111762
151.2619,59.7211,100.0,100.0,719.12,722.94,715.91,720.64,1336921
145.7354,57.3037,93.9401,81.8203,723.62,724.0,716.85,716.98,935876
152.273,59.2314,91.7039,93.2913,721.58,722.21,718.03,720.95,950193
144.5771,58.444,74.9689,49.7952,725.73,725.74,719.055,719.85,1279339
158.4333,64.8214,81.0288,100.0,722.71,736.13,721.19,733.78,1295476
146.8843,66.1004,83.2651,100.0,729.89,736.99,729.0,736.96,1227486
143.7201,67.7785,100.0,100.0,737.33,742.13,737.1,741.19,1289671
118.4796,65.66,92.435,77.3051,740.36,741.69,735.831,738.63,1026306
110.448,67.4206,88.401,87.898,741.86,743.24,736.56,742.74,1259823
97.9589,64.8339,55.0677,0.0,740.67,742.61,737.5,739.77,1032432
85.6969,63.6386,29.2993,0.0,739.04,741.69,734.27,738.42,1186738
90.5846,65.3459,15.0472,45.1415,738.28,744.46,737.0,741.77,1512517
98.0969,67.384,48.0576,99.0314,747.04,748.65,739.3,745.91,3530169
181.3224,75.8406,81.391,100.0,772.71,778.55,766.77,768.79,3841482
161.7276,76.9892,99.6771,100.0,761.09,780.43,761.09,772.88,2700470
148.9365,75.2835,95.1168,85.3503,768.69,775.84,767.85,771.07,1784525
136.1638,75.9523,91.5185,89.2053,767.18,773.21,766.82,773.18,1287421
128.5357,74.3403,58.1852,0.0,772.22,774.07,768.795,771.61,1140254
135.6637,77.7735,63.0684,100.0,773.78,783.04,772.34,782.22,1801205
120.2364,77.2907,61.9787,85.9362,782.0,782.63,778.091,781.76,1107857
115.0762,78.0869,95.3121,100.0,781.1,788.94,780.57,784.26,1318894
102.1169,78.2251,95.3121,100.0,783.75,786.8123,782.778,784.68,786363
95.2719,78.2847,100.0,100.0,785.0,789.75,782.97,784.85,975113
76.6692,76.1306,66.6667,0.0,781.5,783.395,780.4,783.22,740498
74.305,75.0662,33.3333,0.0,783.75,787.49,780.11,782.44,938186
47.7902,68.0988,-0.0,0.0,780.3,780.98,773.444,777.14,1028047
47.6175,69.6826,5.183,15.5491,777.32,780.81,773.53,779.91,924226
49.0634,66.5852,5.183,0.0,780.01,782.86,777.0,777.5,719429
26.1775,63.9434,5.183,0.0,775.0,777.1,773.13,775.42,861546
0.4679,59.9185,-0.0,0.0,773.27,774.54,770.0502,772.15,951362
-4.4021,59.8317,-0.0,0.0,775.48,776.44,771.785,772.08,928232
-54.5462,56.7452,-0.0,0.0,770.58,774.5,767.07,769.64,1071999
-113.6469,56.4496,-0.0,0.0,767.0,771.89,763.1846,769.41,926883
-80.9287,56.5872,1.3228,3.9684,769.0,776.0799,765.85,769.54,1166681
-70.4505,59.3644,30.0507,86.1838,768.74,774.99,766.615,772.15,847565
-83.2052,54.9279,30.0507,0.0,769.33,774.466,766.84,769.09,1130029
-115.121,52.1308,28.7279,0.0,767.01,769.09,765.38,767.05,1248556
-98.7979,54.2581,9.8028,29.4084,769.25,771.02,764.3,768.78,925131
-53.8771,57.4153,34.1542,73.0543,773.01,773.9199,768.41,771.46,1072658
27.0363,65.632,67.4876,100.0,773.45,782.0,771.0,780.08,1442822
58.9511,65.8542,91.0181,100.0,780.0,782.73,776.2,780.35,894021
22.1599,58.2917,78.2615,34.7846,778.59,780.35,773.58,775.32,1270264
-142.3856,42.0872,44.9282,0.0,770.1,773.245,759.66,759.66,1885496
-127.8503,50.8771,23.9227,36.9836,755.13,770.29,754.0001,769.02,1310986
-172.3719,43.7491,14.6587,6.9924,764.48,766.2195,755.8,759.69,1395046
-120.9511,46.1858,23.0896,25.2929,759.61,767.68,759.11,762.49,1094490
-33.5529,53.3853,44.0951,100.0,762.89,773.8,759.96,771.76,1346751
-39.2606,51.0981,67.1857,76.2644,769.75,769.75,764.66,768.88,2049338
-29.2929,48.621,75.6078,50.559,772.42,774.0,764.4406,765.7,1172824
27.6919,53.0245,73.9372,94.9883,769.0,773.33,768.53,771.41,978631
78.7125,56.4133,81.8491,100.0,772.66,777.16,768.301,776.22,1167810
225.3357,62.984,98.3294,100.0,780.0,789.85,778.44,787.21,1486223
197.5346,62.6969,99.3337,98.001,786.59,788.93,784.15,786.9,1411937
61.4641,52.2057,66.0003,0.0,782.74,782.74,773.07,774.21,1533206
99.059,57.5148,49.0861,49.2574,775.5,785.9899,774.308,783.01,1153247
71.9948,56.4031,29.3999,38.9424,777.85,781.81,774.97,781.56,1109834
54.5088,51.555,29.3999,0.0,781.44,785.8,774.232,775.01,1314746
40.7114,53.0672,21.4387,25.3738,776.33,780.94,774.09,777.29,1585333
-10.0547,49.6076,8.4579,0.0,774.25,776.065,769.5,772.56,1278821
26.4111,52.3451,21.8858,40.2835,776.03,778.71,772.89,776.43,1201350
50.1379,52.3739,40.0804,79.9578,779.31,782.07,775.65,776.47,1461151
44.302,52.6742,69.6263,88.6376,779.0,780.48,775.54,776.86,1070692
12.6138,51.0908,72.3207,48.3667,779.66,779.66,770.75,775.08,933158
105.5942,59.1573,79.0014,100.0,777.71,789.38,775.87,785.94,1174923
119.3946,56.505,71.8289,67.1199,786.66,792.28,780.58,783.07,1372461
114.3649,58.6411,86.9069,93.6009,783.76,788.13,782.06,786.14,937435
-6.0756,51.5771,55.5831,6.0287,781.22,781.22,773.0,778.19,1365277
18.0258,51.8443,34.3847,3.5246,781.65,783.95,776.0,778.53,852487
37.5889,53.0184,9.9855,20.4033,779.8,785.85,777.5,779.96,1092973
227.8145,63.3224,41.3093,100.0,787.85,801.61,785.565,795.26,2056903
260.0135,66.5733,73.4678,100.0,798.86,804.63,797.635,801.56,1766798
187.2588,62.2446,90.2036,70.6108,803.3,803.97,796.03,796.97,1757528
148.001,63.5781,82.838,77.9032,795.0,799.5,794.0,799.37,1266181
215.6805,70.0912,82.838,100.0,804.9,815.18,804.82,813.11,1697514
163.9909,65.1256,71.5399,36.7166,816.68,816.68,805.14,807.67,1576404
87.7749,58.116,45.5722,0.0,806.34,806.98,796.32,799.07,1647733
54.973,55.3413,12.2389,0.0,801.0,803.49,791.5,795.35,2749221
75.0222,55.3537,0.0279,0.0837,808.35,815.49,793.59,795.37,4269902
-9.9646,47.671,0.0279,0.0,795.47,796.86,784.0,784.54,2427284
-50.2352,47.0669,0.0279,0.0,782.89,789.49,775.54,783.61,2406356
-122.4159,38.6175,-0.0,0.0,778.2,781.65,763.4496,768.7,1918414
-157.6182,35.5859,-0.0,0.0,767.25,769.95,759.03,762.13,1943175
-160.554,35.5356,-0.0,0.0,750.66,770.36,750.5611,762.02,2134812
-47.6825,49.7814,33.3333,100.0,774.5,785.19,772.55,782.52,1585070
1.1396,54.0441,66.6667,100.0,783.4,795.633,780.19,790.51,1366873
-32.7352,51.0095,94.5346,83.6039,779.94,791.2265,771.67,785.31,2607121
-106.5743,40.3377,69.8496,25.9449,791.17,791.17,752.18,762.56,4745183
-157.1314,37.1921,36.5163,0.0,756.54,760.78,750.38,754.02,2431815
-188.0352,31.6147,8.6483,0.0,755.6,757.85,727.54,736.08,3654385
-105.2345,43.0946,19.7301,59.1904,746.97,764.4162,746.97,758.49,2384001
-79.8398,45.7176,53.0635,100.0,755.2,766.36,750.51,764.48,1472594
-39.6512,48.5932,86.3968,100.0,766.92,772.7,764.23,771.23,1304048
-50.5497,44.5666,92.0947,76.284,771.37,775.0,760.0,760.54,1547145
-39.4247,48.3038,90.3403,94.7369,762.61,769.7,760.6,769.2,1330639
-14.0118,47.9301,84.851,83.5319,772.63,776.96,767.0,768.27,1593108
-55.95,44.9954,62.9732,10.6508,767.73,768.2825,755.25,760.99,1478417
-46.3149,45.3371,38.2664,20.6166,764.26,765.0,760.52,761.68,587421
6.9665,48.6052,43.7558,100.0,760.0,779.53,759.8,768.24,2188151
41.3907,49.8841,73.5389,100.0,771.53,778.5,768.24,770.84,1616618
-39.2225,44.07,66.6667,0.0,770.07,772.99,754.83,758.04,2392890
-139.4568,40.0914,33.3333,0.0,757.44,759.85,737.0245,747.92,3017947
-115.6258,41.5404,4.9322,14.7966,744.59,754.0,743.1,750.5,1452484
-35.2062,47.8668,31.399,79.4003,757.71,763.9,752.9,762.52,1394223
-14.6802,46.3349,58.1648,80.2975,764.73,768.83,757.34,759.11,1690689
35.5701,52.1743,86.5659,100.0,761.0,771.36,755.8,771.19,1760966
123.0821,54.4835,93.4325,100.0,772.48,778.18,767.23,776.42,1488059
208.1894,59.647,100.0,100.0,780.0,789.43,779.021,789.29,1821914
191.7421,59.6357,99.9717,99.915,785.04,791.25,784.3554,789.27,2104117
229.2265,62.2695,99.9717,100.0,793.9,804.3799,793.34,796.1,2145209
189.8873,62.6424,99.9717,100.0,797.4,804.0,794.01,797.07,1704150
153.4273,62.9593,100.0,100.0,797.34,803.0,792.92,797.85,1626499
111.2073,58.1564,66.6667,0.0,800.4,800.8558,790.29,790.8,2443796
90.977,59.7511,44.4008,33.2023,790.22,797.66,786.27,794.2,1232087
93.2984,60.8015,29.4252,55.0733,796.76,798.65,793.27,796.42,951014
69.7765,59.4027,38.0747,25.9484,795.84,796.6757,787.1,794.56,1211346
56.1129,56.9014,27.0072,0.0,792.36,793.32,788.58,791.26,972169
46.5099,55.8651,8.6495,0.0,790.9,792.74,787.28,789.91,623944
52.1927,56.8922,6.9357,20.8072,790.68,797.86,787.657,791.55,789321
27.9094,51.7515,6.9357,0.0,793.7,794.23,783.2,785.05,1153824
1.0964,50.0579,6.9357,0.0,783.33,785.93,778.92,782.79,744272
-49.2142,42.7453,-0.0,0.0,782.75,782.78,770.41,771.82,1769950
-10.8195,52.5,22.9842,68.9526,778.81,789.63,775.8,786.14,1657268
3.1608,52.9581,56.3175,100.0,788.36,791.34,783.16,786.9,1072958
30.6935,57.1292,89.6509,100.0,786.08,794.48,785.02,794.02,1335167
143.1665,63.1277,100.0,100.0,795.26,807.9,792.2041,806.15,1640170
182.5209,63.3553,100.0,100.0,806.4,809.9664,802.83,806.65,1274645
152.1432,61.8264,95.0983,85.295,807.86,809.1299,803.51,804.79,1176780
130.4897,63.421,95.0983,100.0,805.0,808.15,801.37,807.91,1065936
105.2587,62.0346,66.1174,13.0574,807.14,807.39,799.17,806.36,1353057
131.3792,62.8913,59.9464,66.7818,807.48,811.2244,806.69,807.88,1099215
82.3181,59.7667,26.613,0.0,807.08,807.14,800.37,804.61,1362115
76.021,60.7054,30.8231,25.6874,805.81,806.205,800.99,806.07,1294407
68.7983,56.8919,8.5625,0.0,805.12,809.48,801.8,802.175,919325
62.7705,58.9218,19.8407,33.8347,806.91,806.91,801.69,805.02,1670045
121.7219,67.2608,44.6116,100.0,807.25,820.87,803.74,819.31,1963628
155.6315,69.3958,77.9449,100.0,822.3,825.9,817.821,823.87,1474010
193.8858,74.1023,100.0,100.0,829.62,835.77,825.06,835.67,1627304
175.7942,70.6137,92.3398,77.0193,837.81,838.0,827.01,832.15,2973891
140.4448,62.6383,59.0064,0.0,834.71,841.95,820.44,823.31,2965771
-1.402,48.6017,25.6731,0.0,814.66,815.84,799.8,802.32,3246573
-77.443,45.6964,-0.0,0.0,796.86,801.25,790.52,796.79,2160556
-86.1267,45.1212,-0.0,0.0,799.68,801.19,791.19,795.695,2029744
-80.276,46.9819,3.5407,10.622,793.8,802.7,792.0,798.53,1532138
-49.5634,48.9289,36.874,100.0,802.99,806.0,800.37,801.49,1463448
-72.9258,48.831,69.3506,97.4298,799.7,801.67,795.2501,801.34,1184483
-18.7217,52.6584,99.1433,100.0,803.99,810.5,801.78,806.97,1241221
-8.8086,53.5945,99.1433,100.0,807.0,811.84,803.1903,808.38,1155990
-6.3016,54.4071,100.0,100.0,809.51,810.66,804.54,809.56,990391
26.3779,57.2171,100.0,100.0,811.7,815.25,809.78,813.67,1134976
62.2559,60.7478,100.0,100.0,816.0,820.959,815.49,819.24,1213324
63.2065,61.4913,100.0,100.0,819.0,823.0,816.0,820.45,1054732
58.6268,60.0043,93.0033,79.0099,819.36,823.0,818.47,818.98,1313617
67.269,63.3661,93.0033,100.0,819.93,824.4,818.98,824.16,1287626
81.0859,65.7091,93.0033,100.0,823.02,828.07,821.655,828.07,1611039
101.6025,67.7487,100.0,100.0,828.66,833.45,828.35,831.66,1262337
93.8851,66.678,95.3914,86.1743,828.66,833.25,828.64,830.76,987248
84.4319,67.0333,89.9505,83.6771,830.12,832.46,822.88,831.33,1472771
78.1928,63.5869,56.6171,0.0,827.73,829.0,824.2,828.64,1392202
82.5382,64.0604,31.6843,11.3758,824.55,830.5,824.0,829.28,1101466
53.2681,56.5505,3.7919,0.0,825.61,828.54,820.2,823.21,2260769
100.4086,65.2462,31.4427,82.9522,828.85,836.255,827.26,835.24,1496540
87.6799,60.2685,41.9029,42.7565,833.85,834.51,829.64,830.63,942476
63.5345,58.6484,49.9447,24.1253,830.56,831.36,825.751,829.08,896378
40.195,57.2581,25.0065,8.1376,826.95,828.88,822.4,827.78,1109037
72.6326,60.4645,24.1341,40.1393,827.4,833.41,826.52,831.91,1037630
112.2674,62.9707,49.4256,100.0,833.51,838.15,831.79,835.37,989773
143.6694,65.2408,80.0464,100.0,836.0,842.0,834.21,838.68,1261517
186.2614,68.1444,100.0,100.0,843.28,844.91,839.5,843.25,1704024
202.6573,69.5185,100.0,100.0,844.0,848.685,843.25,845.54,1223647
163.9943,69.5679,100.0,100.0,843.64,847.24,840.8,845.62,780198
148.6741,70.5817,100.0,100.0,847.59,848.63,840.77,847.2,1381474
152.2668,71.6005,100.0,100.0,849.03,850.85,846.13,848.78,977560
147.5213,73.676,100.0,100.0,851.61,853.4,847.11,852.12,1716471
104.3402,67.7383,66.6667,0.0,850.01,850.22,845.15,848.4,1231521
12.0404,47.7516,33.3333,0.0,851.4,853.5,829.02,830.46,2463484
-49.0354,47.0269,-0.0,0.0,831.91,835.55,827.1801,829.59,1401465
-151.6631,38.3703,-0.0,0.0,821.0,822.57,812.257,817.58,3487056
-155.7622,36.4739,-0.0,0.0,820.08,821.93,808.89,814.43,1981006
-141.7925,41.4957,14.8431,44.5292,806.95,821.63,803.37,819.51,1894990
-98.9396,42.8463,34.9712,60.3843,820.41,825.99,814.027,820.92,1620542
-36.2271,51.767,68.3045,100.0,825.0,832.765,822.3801,831.41,1786321
-18.5154,51.8364,86.7948,100.0,833.5,833.68,829.0,831.5,1055339
-31.8311,50.1596,94.5948,83.7845,828.97,831.64,827.39,829.56,1401893
11.5827,57.0871,94.5948,100.0,829.22,840.85,829.22,838.55,1671503
-13.0489,53.5392,77.5231,48.7849,831.36,835.18,829.036,834.57,1045363
1.1508,50.8377,52.8575,9.7875,835.51,842.45,830.72,831.41,1555328
-29.5315,47.9283,19.5241,0.0,832.4,836.39,826.46,827.88,1254433
-64.4919,45.3847,3.2625,0.0,827.96,828.485,820.513,824.67,1056692
-49.2077,45.443,0.2382,0.7147,825.39,829.35,823.77,824.73,978905
-68.9678,44.2728,0.2382,0.0,824.71,827.427,817.02,823.35,1079732
-52.503,45.3383,9.9544,29.1483,821.93,826.66,821.02,824.32,900480
-47.8254,44.6185,19.5627,29.5398,822.14,826.38,821.44,823.56,1122362
52.0628,57.6008,52.896,100.0,825.01,837.75,824.47,837.17,895015
97.5105,57.2293,75.584,97.2124,834.22,838.93,832.71,836.82,836722
126.6885,58.3775,99.0708,100.0,839.79,842.22,836.29,838.21,954330
143.394,61.1568,99.0708,100.0,841.44,845.2,839.32,841.65,959031
135.8151,62.3682,100.0,100.0,842.88,843.88,840.6,843.19,1323583
253.5427,73.6254,100.0,100.0,851.2,863.45,849.86,862.76,1371581
280.7683,77.2051,100.0,100.0,865.0,875.0,862.81,872.3,1654161
226.9467,76.5367,98.6117,95.835,874.23,876.05,867.748,871.73,1188464
184.3515,77.4656,98.6117,100.0,873.6,875.4,870.38,874.25,1734197
263.4819,85.3337,98.6117,100.0,910.66,916.85,905.77,905.96,3160585
198.576,86.3997,100.0,100.0,901.94,915.68,901.45,912.57,2100457
170.9167,86.9957,100.0,100.0,909.62,920.77,909.453,916.44,1520766
155.5544,88.4842,100.0,100.0,914.86,928.1,912.543,927.04,1477329
146.2334,89.0713,100.0,100.0,926.07,935.93,924.59,931.66,1405844
123.2204,84.5208,66.6667,0.0,933.54,934.9,925.2,927.13,1904731
114.2559,85.7608,42.4164,27.2492,926.12,936.925,925.26,934.3,1319052
101.5611,83.6179,9.0831,0.0,936.95,937.5,929.53,932.17,1575628
83.1664,80.1838,9.0831,0.0,931.98,932.0,925.16,928.78,1170055
75.0748,80.6434,2.7471,8.2413,925.32,932.53,923.03,930.6,830838
72.6766,81.0644,8.0105,15.7902,931.53,933.44,927.85,932.22,1038409
73.8463,82.3076,28.6258,61.8458,932.95,938.25,929.34,937.08,1094283
81.7032,83.7106,59.212,100.0,940.0,943.11,937.58,943.0,956692
45.3881,62.5985,53.9486,0.0,935.67,939.333,918.14,919.62,2323389
45.9693,66.7061,39.8186,19.4558,921.0,933.17,918.75,930.24,1586465
63.02,68.0476,15.0886,25.8101,931.47,937.755,931.0,934.01,1382221
80.4775,70.6954,27.8725,38.3516,935.0,941.883,935.0,941.86,1092176
117.8069,72.844,54.7206,100.0,947.92,951.467,942.575,948.82,1259285
159.1607,74.6125,79.4505,100.0,952.98,955.09,949.5,954.96,990248
241.288,78.2368,100.0,100.0,957.33,972.629,955.47,969.54,1645873
219.6621,78.6709,100.0,100.0,969.7,974.98,965.03,971.47,1246186
191.4933,79.6687,100.0,100.0,970.31,976.2,969.49,975.88,1455686
135.3044,70.76,66.6667,0.0,975.02,979.27,960.18,964.86,2426589
107.03,71.4129,35.7763,7.3288,968.95,971.5,960.01,966.95,1403200
116.4726,74.0005,14.5676,36.374,969.46,975.88,966.0,975.6,1717212
134.0387,76.1703,34.8109,60.7298,976.55,986.91,975.1,983.68,1221971
110.1982,70.5878,32.3679,0.0,983.16,988.25,975.14,976.57,1796904
99.0173,71.9486,28.3687,24.3762,980.0,983.98,975.94,980.94,1429834
93.6734,72.717,20.8386,38.1398,982.35,984.57,977.2,983.41,1451232
0.0998,51.9027,20.8386,0.0,984.5,984.5,935.63,949.83,3270248
-81.3849,48.7984,12.7133,0.0,939.56,949.355,915.233,942.9,3731589
-21.4107,53.351,6.3446,19.0338,951.91,959.98,944.09,953.4,1995350
-28.8783,52.0968,10.9412,13.7899,959.92,961.15,942.25,950.76,1477033
-96.3681,48.1915,10.9412,0.0,933.97,943.339,924.44,942.31,2055953
-97.1141,47.0542,4.5966,0.0,940.0,942.04,931.595,939.78,2921393
-23.877,55.005,33.3333,100.0,949.96,959.99,949.05,957.37,1494191
-36.0387,51.7954,53.2106,59.6319,957.52,961.62,950.01,950.63,1111840
-25.5076,55.4581,86.544,100.0,953.64,960.1,950.76,959.45,1192342
-23.4059,54.2699,81.8309,85.8609,958.7,960.72,954.55,957.09,940373
1.9351,57.7787,95.287,100.0,956.83,966.0,954.2,965.59,1394008
-12.501,51.1548,61.9536,0.0,969.9,973.31,950.79,952.27,1581031
-137.4786,41.5498,33.3333,0.0,942.46,948.29,926.85,927.33,2553771
-128.5294,47.185,11.5744,34.7233,929.0,942.75,916.0,940.49,2712222
-168.0344,40.018,11.5744,0.0,929.92,931.26,910.62,917.79,3248393
-164.0588,37.5655,11.5744,0.0,926.05,926.05,908.31,908.73,2035931
-178.5378,35.0077,-0.0,0.0,912.18,913.94,894.79,898.7,1710189
-135.8993,40.6525,15.4516,46.3549,901.76,914.51,898.5,911.71,1743497
-125.8585,39.2364,40.4228,74.9136,904.12,914.9444,899.7,906.69,1409533
-84.5567,44.1986,73.7562,100.0,908.85,921.54,908.85,918.59,1588034
-40.0794,48.1137,91.6379,100.0,921.77,930.38,919.59,928.8,1189085
-31.1823,48.6044,100.0,100.0,929.54,931.43,922.0,930.09,1093281
26.694,53.6336,100.0,100.0,938.68,946.3,934.47,943.83,1505982
55.5174,54.7884,100.0,100.0,946.29,954.45,943.01,947.16,1291782
70.9016,57.7902,100.0,100.0,952.0,956.91,948.005,955.99,1017632
67.547,56.612,95.7248,87.1743,957.0,960.74,949.241,953.42,1141026
90.9352,60.6402,95.7248,100.0,953.0,968.04,950.6,965.4,1131130
112.9585,62.3646,95.7248,100.0,967.84,973.04,964.03,970.89,1212814
104.7157,60.9298,91.6863,75.059,975.0,975.9,961.51,968.15,1577103
100.6579,62.5453,91.6863,100.0,962.25,973.23,960.15,972.92,1665103
127.0108,64.9716,91.6863,100.0,972.22,986.2,970.77,980.34,2634669
41.2837,50.8117,66.6667,0.0,953.81,959.7,945.4,950.7,4626086
27.0908,49.6711,33.3333,0.0,954.68,955.0,942.279,947.8,2056013
-15.9153,44.5765,-0.0,0.0,951.78,951.78,920.0,934.09,3095263
-11.7505,47.7108,5.1226,15.3678,929.4,943.83,927.5,941.53,1775076
-31.2301,43.7598,5.1226,0.0,941.89,943.59,926.04,930.5,1952716
-43.3552,43.9095,5.9665,2.5317,932.38,937.447,929.26,930.83,1211553
-74.5426,43.7423,0.8439,0.0,928.61,932.6,916.68,930.39,1816343
-85.724,41.1579,0.8439,0.0,930.34,932.24,922.24,923.65,1179126
-86.5324,43.4585,27.8696,83.6088,926.75,930.307,923.03,927.96,1019159
-78.3863,44.2213,61.2029,100.0,929.06,931.7,926.5,929.36,1012296
-78.1628,43.0724,82.0354,62.4973,927.09,935.814,925.61,926.79,1039394
-101.1243,41.3225,55.9568,5.3732,920.61,925.98,917.25,922.9,1169431
-130.1105,35.134,22.6235,0.0,917.55,919.26,906.13,907.24,1722296
-110.9625,39.5829,18.1103,48.9576,907.97,917.78,905.58,914.39,1190458
-69.5025,44.3436,49.6525,100.0,922.53,924.668,918.19,922.67,1047828
-61.6691,44.14,82.2491,97.7896,924.23,926.55,919.82,922.22,873070
-37.323,46.9049,99.2632,100.0,925.29,932.7,923.445,926.96,988604
-90.0333,39.7599,66.7352,2.4161,925.78,926.86,910.98,910.98,1218963
-118.0438,39.6337,34.1387,0.0,910.31,915.275,907.154,910.67,1333572
-143.6405,37.9564,0.8054,0.0,910.0,913.0,903.4,906.66,932903
-36.2321,48.5084,33.3333,100.0,912.72,925.86,911.475,924.69,1145571
15.8467,49.689,66.6667,100.0,921.93,929.93,919.36,927.0,1077809
-6.6124,46.826,91.866,75.5979,928.66,930.84,915.5,921.28,1218875
-37.3207,44.2393,76.3829,53.5508,923.49,925.555,915.5,915.89,1040693
-73.5906,43.2464,43.0496,0.0,916.0,919.245,911.87,913.81,1072467
-48.0423,47.7846,41.3307,70.4412,905.1,923.33,905.0,921.29,1180160
74.3108,52.3289,56.8137,100.0,920.05,930.819,919.65,929.57,1282093
183.2883,57.0714,90.1471,100.0,931.76,941.98,931.76,939.33,1553301
169.8624,55.8513,97.0583,91.175,941.13,942.48,935.15,937.34,913404
76.2307,50.6429,73.9842,30.7775,933.08,937.0,921.96,928.45,1202163
47.0569,50.2794,40.6508,0.0,930.15,930.915,919.27,927.81,1468808
97.4235,54.7303,32.1029,65.5311,931.73,936.41,923.62,935.95,1200257
65.8973,49.2214,21.8437,0.0,936.49,936.99,924.88,926.5,993832
77.6334,50.681,30.6753,26.4947,934.25,938.38,926.92,929.08,1247138
55.3132,52.389,27.9979,57.4991,932.59,933.48,923.861,932.07,1120449
88.202,54.1173,57.6225,88.8737,930.66,937.25,929.86,935.09,1066051
23.8275,47.9257,48.7909,0.0,931.25,932.77,924.0,925.11,1389012
-39.8311,45.234,29.6246,0.0,924.66,926.49,916.36,920.29,2475031
-97.9218,42.4181,-0.0,0.0,920.01,922.08,910.6,915.0,1263456
-80.0775,46.9927,13.034,39.1021,917.42,922.42,912.55,921.81,902415
34.2754,52.7878,46.3674,100.0,922.98,933.88,922.0,931.58,1518166
50.9595,53.2776,79.7007,100.0,933.0,936.53,923.83,932.45,1207656
35.5445,50.724,92.1615,76.4844,927.75,934.73,926.48,928.53,1038551
-93.5518,46.1316,58.8281,0.0,925.45,926.4,909.7,920.97,1822881
-24.5312,48.705,37.4988,36.0119,923.72,930.82,921.14,924.86,1652848
164.7566,59.2773,45.3373,100.0,927.74,949.9,927.74,944.49,2202959
208.5213,61.4606,78.6706,100.0,941.36,950.69,940.55,949.5,959648
263.5476,65.3032,100.0,100.0,952.0,959.786,951.51,959.11,1533133
201.561,61.303,91.9667,75.9,959.98,962.54,947.84,953.27,1222026
161.8308,63.1828,80.2372,64.8117,954.0,958.0,949.14,957.79,881562
129.7221,59.0099,46.9039,0.0,957.0,960.39,950.69,951.68,881380
160.2459,66.2019,54.9372,100.0,955.49,970.91,955.18,969.96,1202101
166.9822,69.0581,66.6667,100.0,966.7,979.46,963.36,978.89,1142699
159.7529,67.7531,95.6708,87.0125,980.0,985.425,976.11,977.0,886700
116.5732,64.6883,81.1747,56.5117,980.0,981.57,966.08,972.6,956419
134.8324,70.1845,81.1747,100.0,973.72,990.71,972.25,989.25,1663731
133.3888,69.1953,79.5047,82.0023,987.45,994.12,985.0,987.83,1259082
128.5355,69.7926,91.6243,92.8705,992.0,997.21,989.0,989.68,1143907
112.2954,70.5635,91.6243,100.0,992.1,993.907,984.0,992.0,900751
106.9399,70.6261,97.6235,100.0,990.29,996.44,988.59,992.18,1266399
95.3534,70.8598,100.0,100.0,991.77,996.72,986.975,992.81,1022521
62.8097,63.6257,66.6667,0.0,986.0,988.88,978.39,984.45,1282755
69.7415,65.3353,41.2106,23.6318,989.44,991.0,984.58,988.2,1120038
16.4689,51.5845,7.8773,0.0,989.52,989.52,966.12,968.45,1431886
-22.7951,52.7186,9.8384,5.8835,970.0,972.23,961.0,970.54,1155231
-22.6417,54.2588,8.444,19.4486,968.37,976.09,960.52,973.33,1162606
10.4445,53.7385,13.6656,15.6647,980.0,987.6,972.2,972.56,1660850
246.4541,71.5571,45.0378,100.0,1009.19,1048.39,1008.2,1019.27,5125791
174.6942,70.2104,69.5053,92.8512,1014.0,1024.97,1007.5,1017.11,2074619
157.3674,69.9021,94.521,90.7118,1015.22,1024.0,1010.42,1016.64,1324961
168.9748,72.3654,94.521,100.0,1017.21,1029.67,1016.95,1025.5,1360900
137.3838,72.3874,96.9039,100.0,1021.76,1028.09,1013.01,1025.58,1008190
135.8993,74.2866,100.0,100.0,1022.11,1032.65,1020.31,1032.48,1058037
114.8638,69.3854,66.6667,0.0,1028.99,1034.87,1025.0,1025.9,1119131
106.1719,71.6592,48.7975,46.3926,1027.27,1033.97,1025.13,1033.33,1089887
111.3954,73.518,43.5698,84.3167,1030.52,1043.522,1028.45,1039.85,1088716
74.2587,67.2592,43.5698,0.0,1033.99,1033.99,1019.666,1031.26,1236903
66.6429,65.0446,28.1056,0.0,1026.46,1030.76,1025.28,1028.07,719227
57.1834,63.4094,-0.0,0.0,1023.42,1031.58,1022.57,1025.75,878969
40.3184,63.5158,0.351,1.053,1022.59,1026.81,1014.15,1026.0,947273
30.3567,59.7076,0.351,0.0,1019.21,1024.09,1015.42,1020.91,859951
60.6836,64.8723,32.608,96.771,1022.52,1035.92,1022.52,1032.5,1129423
34.3827,55.938,32.257,0.0,1034.01,1034.42,1017.75,1019.09,1350144
11.0077,55.5022,32.257,0.0,1020.26,1022.61,1017.5,1018.38,894844
68.099,62.619,25.3177,75.953,1023.31,1035.11,1022.655,1034.49,1083715
113.9886,63.1974,52.693,82.1259,1035.0,1039.706,1031.43,1035.96,716661
170.3854,65.0402,86.0263,100.0,1035.87,1043.18,1035.0,1040.61,536958
239.521,69.8027,94.042,100.0,1040.0,1055.46,1038.44,1054.21,1284354
203.0191,65.0324,77.8649,33.5947,1055.09,1062.38,1040.0,1047.41,1341000
-32.114,50.8584,44.5316,0.0,1042.68,1044.08,1015.65,1021.66,2438875
-88.0289,50.7427,11.1982,0.0,1022.37,1028.49,1015.0,1021.41,1722913
-176.2748,45.7106,-0.0,0.0,1015.8,1022.49,1002.02,1010.17,1908944
-211.2189,41.2115,-0.0,0.0,1012.66,1016.1,995.57,998.68,1891408
-166.1576,44.5228,11.4417,34.325,995.94,1020.61,988.28,1005.15,2023376
-80.6642,50.6446,44.4318,98.9703,1001.5,1024.97,1001.14,1018.38,1254837
14.6419,55.6447,77.7651,100.0,1020.43,1034.24,1018.07,1030.93,1387107
77.9124,57.8853,99.6568,100.0,1037.49,1042.05,1032.52,1037.05,1277894
82.2084,59.3488,100.0,100.0,1035.5,1043.8,1032.05,1041.1,1119052
87.9418,59.0108,98.7053,96.116,1039.63,1050.31,1033.69,1040.48,1269883
80.9212,59.0634,96.1369,92.2947,1046.12,1046.66,1038.38,1040.61,1207286
116.8581,62.4738,96.1369,100.0,1045.0,1058.5,1043.11,1049.15,1545616
148.5256,67.5941,97.4316,100.0,1054.61,1067.62,1049.5,1064.19,3142760
178.5936,71.2337,100.0,100.0,1066.08,1078.49,1062.0,1077.14,1531522
149.7691,67.1803,88.8982,66.6945,1075.2,1076.84,1063.55,1070.68,1254615
117.7478,63.717,60.2954,14.1917,1071.78,1073.38,1061.52,1064.95,1266115
98.4831,62.9124,26.9621,0.0,1064.95,1069.33,1061.79,1063.63,974594
75.6592,60.7167,4.7306,0.0,1061.11,1064.2,1059.44,1060.12,734566
53.0474,58.596,-0.0,0.0,1058.07,1060.12,1050.2,1056.74,756324
38.8025,54.1543,-0.0,0.0,1057.39,1058.37,1048.05,1049.37,1214775
25.5217,53.4264,-0.0,0.0,1051.6,1054.75,1044.77,1048.14,829623
13.2783,52.3544,-0.0,0.0,1046.72,1049.7,1044.9,1046.4,867943
55.3475,61.295,33.3333,100.0,1048.34,1066.94,1045.23,1065.0,1223114
128.0393,67.4724,66.6667,100.0,1064.31,1086.29,1063.21,1082.48,1416093
165.2102,68.6797,100.0,100.0,1088.0,1093.57,1084.0,1086.4,990510
198.2563,73.0325,100.0,100.0,1094.0,1104.25,1092.0,1102.23,1210974
198.5396,74.1822,100.0,100.0,1102.23,1111.27,1101.62,1106.94,1003098
165.5823,73.6937,97.5733,92.7198,1109.4,1110.57,1101.23,1106.26,897400
125.4442,70.9915,78.2444,42.0133,1097.1,1104.6,1096.11,1102.61,1038917
118.2526,71.8769,54.1608,27.7494,1106.3,1106.53,1099.59,1105.52,962696
138.3262,76.3489,56.5876,100.0,1102.41,1124.29,1101.15,1122.26,1701377
147.4021,75.9604,73.4991,92.7478,1132.51,1139.91,1117.83,1121.76,1539230
128.3934,78.3821,97.5826,100.0,1126.22,1132.6,1117.01,1131.98,1146089
110.7698,76.6013,88.458,72.6261,1131.41,1132.51,1117.5,1129.79,1148920
116.6991,78.4591,90.8754,100.0,1131.83,1137.86,1128.3,1137.51,1361390
137.6097,82.0894,90.8754,100.0,1137.49,1159.88,1135.11,1155.81,1582504
157.5265,84.2949,100.0,100.0,1159.85,1171.63,1158.75,1169.97,1199326
145.6786,80.0018,81.3994,44.1982,1177.33,1179.86,1161.05,1164.24,1351237
132.3234,81.1102,63.2084,45.4269,1172.53,1175.94,1162.76,1170.37,1326436
119.1915,82.0654,45.8976,48.0676,1175.08,1175.84,1158.11,1175.84,1825680
123.9052,81.8535,45.5423,43.1324,1176.48,1186.89,1171.98,1175.58,1299218
94.1939,72.6198,30.4,0.0,1167.83,1176.52,1163.52,1163.69,1400132
82.8595,74.2633,20.1774,17.3998,1170.57,1173.0,1159.13,1169.94,1486793
72.1055,72.5818,5.7999,0.0,1162.61,1174.0,1157.52,1167.7,1974700
-62.246,45.1532,5.7999,0.0,1122.0,1123.07,1107.28,1111.9,4758496
-157.8672,32.0428,-0.0,0.0,1090.6,1110.0,1052.03,1055.8,3336352
-166.4966,40.2957,6.5157,19.5472,1027.18,1081.71,1023.14,1080.6,3360727
-154.2226,34.4744,8.5151,5.9982,1081.54,1081.78,1048.26,1048.58,2331374
-202.754,28.0586,8.5151,0.0,1055.41,1058.62,1000.66,1001.52,2720942
-165.2569,37.6819,28.2129,78.6406,1017.25,1043.97,992.56,1037.78,3267883
-104.7515,41.001,59.5469,100.0,1048.0,1061.5,1040.93,1051.94,2038875
-90.8979,41.0392,92.8802,100.0,1045.0,1058.37,1044.09,1052.1,1209341
-67.425,45.2406,100.0,100.0,1048.95,1071.72,1046.75,1069.7,1515444
-38.6309,49.5964,100.0,100.0,1079.07,1091.48,1064.34,1089.52,1777694
-18.1909,50.7209,100.0,100.0,1088.41,1104.67,1088.31,1094.8,1664969
-7.9927,52.3808,100.0,100.0,1090.57,1113.95,1088.52,1102.46,1381603
17.0011,54.3025,100.0,100.0,1106.47,1133.97,1106.33,1111.34,1493162
12.7092,53.079,91.3338,74.0014,1116.19,1122.82,1102.59,1106.63,1306276
31.8252,57.4937,91.3338,100.0,1112.64,1127.28,1104.71,1126.79,1158377
66.6939,60.8325,91.3338,100.0,1127.8,1143.96,1126.69,1143.75,1492380
55.5535,53.9781,70.5322,11.5966,1141.24,1144.04,1118.0,1118.29,1741578
36.3689,50.7014,37.1989,0.0,1123.03,1127.53,1103.24,1104.73,1858051
-13.3335,43.3438,3.8655,0.0,1107.87,1110.12,1067.0,1069.52,2515910
-33.1202,45.613,4.3249,12.9748,1053.08,1082.0,1048.12,1078.92,2271551
8.4544,48.4536,20.3414,48.0494,1075.14,1097.1,1069.0,1090.93,1202174
30.0852,49.4317,47.9221,82.7419,1099.22,1101.85,1089.78,1095.06,1532783
42.6563,52.8342,76.9304,100.0,1089.19,1112.22,1085.48,1109.64,1292537
83.6226,56.3808,94.2473,100.0,1115.32,1127.6,1112.8,1126.0,1240299
148.4313,62.6705,100.0,100.0,1136.0,1160.8,1132.46,1160.04,2074952
175.1255,63.4149,100.0,100.0,1163.85,1177.05,1157.42,1164.5,2076306
116.5237,56.28,77.5222,32.5665,1170.0,1176.76,1133.33,1138.17,1808098
108.5329,58.4447,54.3022,30.34,1145.21,1158.59,1141.44,1149.49,1192615
94.7416,58.4623,31.1644,30.5868,1149.96,1161.08,1134.54,1149.58,1392521
66.3606,54.626,20.3089,0.0,1154.14,1155.88,1131.96,1135.73,2560277
-49.5296,46.167,10.1956,0.0,1120.01,1121.99,1089.01,1099.82,2339506
-72.6877,45.719,-0.0,0.0,1099.0,1105.2,1083.46,1097.71,1783872
-69.603,44.2231,-0.0,0.0,1092.74,1106.3,1085.15,1090.88,1640709
-146.4329,36.3781,-0.0,0.0,1081.88,1082.9,1045.91,1049.08,2580374
-174.3021,32.3151,-0.0,0.0,1047.03,1063.36,1021.22,1021.57,2113497
-145.5358,40.5406,20.4553,61.3659,1046.0,1055.63,1008.4,1053.21,2558385
-157.7225,33.812,24.6454,12.5704,1063.0,1064.84,996.92,1005.1,3029471
-166.037,33.7443,30.4372,17.3752,998.0,1024.23,980.64,1004.56,3369275
-110.8523,40.2417,42.1042,96.3671,1011.63,1043.0,1002.9,1031.79,2726830
-120.7126,36.6433,52.1327,42.6558,1022.82,1034.8,990.37,1006.47,2680400
-105.5441,38.2726,69.572,69.6933,1013.91,1020.99,994.07,1013.41,2275076
-85.5065,41.0327,70.783,100.0,993.41,1028.72,993.0,1025.14,2484651
-60.2594,41.6721,89.8978,100.0,1041.33,1042.79,1020.13,1027.81,1363049
-73.2409,38.2022,76.9996,30.9989,1020.0,1031.42,1003.03,1007.04,1746430
-56.7816,40.3674,64.4662,62.3997,1016.8,1039.6,1014.08,1015.45,1751559
-48.0523,44.4057,64.4662,100.0,1026.44,1036.28,1011.34,1031.64,2029648
-49.5855,42.1879,75.55,64.2503,1027.99,1031.36,1015.87,1019.97,1483881
-29.9096,45.3466,88.0834,100.0,1025.04,1040.69,1021.43,1032.51,1359389
-20.7962,44.6675,83.5375,86.3621,1040.88,1046.42,1022.98,1029.27,1223017
-1.6812,46.9667,95.454,100.0,1037.0,1043.24,1026.74,1037.98,1211208
116.6805,55.2792,95.454,100.0,1051.37,1077.88,1048.26,1074.16,2320266
152.3769,54.7479,98.3311,94.9934,1077.43,1077.43,1066.22,1072.08,1344138
208.5568,58.0115,98.3311,100.0,1069.4,1094.16,1068.18,1087.7,1747671
170.6306,54.05,86.3753,64.1327,1082.0,1092.35,1069.57,1072.96,1889686
117.7501,52.6039,54.7109,0.0,1077.86,1082.72,1060.7,1067.45,2341258
-20.3314,42.1427,21.3776,0.0,1052.0,1057.0,1010.59,1019.98,4760260
-41.6114,42.4543,0.6544,1.9633,1025.52,1032.49,1015.31,1021.18,2391105
-5.0089,47.2609,14.9823,42.9837,1029.51,1047.98,1018.19,1040.04,2079533
-8.0162,45.1115,24.4419,28.3788,1046.0,1049.5,1025.59,1030.05,1619796
-52.2841,42.4633,25.8755,6.264,1030.01,1037.0,1016.85,1017.33,1671254
-41.0131,47.6606,44.8809,100.0,1013.66,1038.47,1008.21,1037.31,1427857
-39.7492,44.8379,50.651,45.6889,1028.1,1040.39,1022.87,1024.38,1603081
-72.5896,44.6924,62.8594,42.8893,1019.0,1029.67,1006.29,1023.72,1815058
-9.193,51.0411,62.8594,100.0,1016.9,1048.51,1016.9,1048.21,1938658
48.6876,52.615,80.9631,100.0,1049.23,1061.68,1047.1,1054.79,1466065
40.3596,52.3725,98.9798,96.9394,1058.54,1060.55,1047.14,1053.91,1217721
103.3217,59.0375,98.9798,100.0,1058.1,1085.44,1056.37,1082.76,2032818
146.1971,61.979,98.9798,100.0,1086.03,1100.44,1085.64,1097.57,1443025
133.0773,62.1155,100.0,100.0,1093.6,1101.33,1090.91,1098.26,1253665
132.5313,62.5228,100.0,100.0,1100.0,1110.75,1099.11,1100.2,1518077
66.2945,55.5672,66.6667,0.0,1090.0,1090.05,1073.47,1079.23,1494872
67.3823,56.2028,36.3792,9.1375,1077.31,1089.27,1076.26,1081.77,1097317
61.0664,55.1394,3.0458,0.0,1079.89,1086.87,1073.5,1078.59,1043766
26.4856,51.1324,3.0458,0.0,1061.86,1069.94,1060.68,1066.36,1565240
63.7474,54.9439,25.0574,75.1723,1074.06,1088.0,1073.65,1079.58,1023211
42.3979,51.7078,28.8403,11.3485,1083.56,1086.59,1066.69,1069.73,1090002
36.6254,54.6185,57.8402,86.9997,1065.13,1080.78,1061.71,1079.69,1060683
35.9545,54.4588,61.8731,87.2712,1079.0,1080.47,1066.15,1079.24,766773
38.0273,53.1278,72.717,43.8802,1079.02,1082.56,1073.78,1075.66,899406
-15.489,47.7435,43.7171,0.0,1064.89,1073.37,1055.22,1060.32,1865139
-18.3186,50.384,27.4294,38.4079,1063.03,1069.21,1056.83,1067.8,1138457
53.0471,55.8992,46.136,100.0,1067.56,1097.19,1067.56,1084.99,3088305
190.4848,64.444,79.4693,100.0,1099.35,1120.0,1098.5,1119.5,2421598
255.7877,68.2439,100.0,100.0,1122.33,1141.89,1122.01,1139.29,1889579
214.1632,68.3121,100.0,100.0,1140.99,1145.74,1133.19,1139.66,1677973
160.6219,67.1455,96.8673,90.602,1142.17,1143.0,1125.74,1136.88,1698247
108.2622,61.8208,63.534,0.0,1131.32,1135.82,1116.52,1123.86,1520020
80.2614,60.6317,30.2007,0.0,1118.18,1126.67,1112.15,1120.87,1290845
93.744,62.9713,10.1539,30.4616,1118.6,1137.26,1118.6,1129.99,1079294
102.8229,65.2467,33.7702,70.8488,1131.07,1139.79,1130.73,1139.32,912018
93.8756,63.2155,52.4327,55.9877,1141.12,1146.5,1133.38,1134.79,1506407
106.5346,67.397,75.6122,100.0,1143.85,1155.47,1140.64,1152.12,1350868
96.4717,67.4292,85.3292,100.0,1148.86,1153.42,1143.48,1152.26,2122476
117.4379,71.9487,100.0,100.0,1143.65,1174.31,1143.59,1173.46,1413692
109.0185,69.3105,89.9304,69.7912,1158.5,1171.27,1154.01,1168.06,1621018
123.6864,69.7049,73.4982,50.7034,1175.31,1186.29,1169.16,1169.84,1648536
89.6283,63.6756,40.1649,0.0,1174.85,1177.3,1152.23,1157.66,1238118
67.9024,62.6314,16.9011,0.0,1159.14,1162.5,1147.26,1155.48,1310967
-12.5138,50.167,-0.0,0.0,1143.6,1143.91,1112.78,1124.81,2157310
-40.6312,48.0354,-0.0,0.0,1128.0,1133.21,1116.66,1118.46,1563225
-95.0902,43.497,-0.0,0.0,1121.34,1131.84,1103.62,1103.98,1293892
-118.736,47.2898,6.6073,19.8218,1102.09,1122.31,1096.01,1114.22,1072438
-83.6794,47.8166,28.1944,64.7615,1120.0,1128.23,1115.0,1115.65,1315121
-89.2926,52.0764,61.5278,100.0,1099.0,1128.0,1093.8,1127.46,1217311
-93.1291,44.0246,56.9703,6.1493,1135.82,1135.82,1100.02,1102.89,679034
-59.2077,51.1085,64.7095,87.9792,1110.53,1127.5,1108.48,1124.27,1066685
-8.0613,55.6079,64.7095,100.0,1123.58,1140.93,1120.74,1140.17,996079
51.3405,59.1427,95.9931,100.0,1148.48,1154.67,1143.42,1154.05,908969
57.762,58.7039,99.0324,97.0972,1156.98,1159.59,1149.59,1152.84,798412
49.3509,58.991,98.4027,98.111,1144.59,1164.29,1141.0,1153.9,1119993
112.5979,66.0777,98.4027,100.0,1159.89,1184.41,1155.93,1183.48,1251884
139.4366,67.1804,99.3703,100.0,1185.0,1195.42,1180.0,1188.82,1222072
114.995,65.0648,91.6808,75.0425,1189.39,1191.0,1179.28,1183.86,1055662
122.3112,68.3026,91.6808,100.0,1172.22,1203.04,1170.6,1198.8,1610353
126.9709,66.9957,78.2259,59.6353,1196.56,1204.5,1190.34,1195.88,1393606
104.5333,63.0282,53.2118,0.0,1191.0,1200.0,1183.32,1186.96,1276667
93.3786,62.1178,19.8784,0.0,1186.96,1196.86,1184.22,1184.91,1248400
102.3193,67.2369,27.5895,82.7684,1181.01,1206.49,1181.0,1205.5,2619234
181.7437,74.816,60.9228,100.0,1262.59,1266.0,1235.56,1248.08,3318204
165.7543,76.9248,94.2561,100.0,1239.13,1265.86,1239.13,1263.7,2139999
156.8594,77.5256,100.0,100.0,1251.0,1269.77,1249.02,1268.33,2405638
120.104,65.6644,66.6667,0.0,1271.0,1273.89,1231.0,1238.5,2130558
69.3058,59.499,33.3333,0.0,1228.01,1234.92,1211.47,1219.74,1849904
54.2357,58.7142,-0.0,0.0,1220.01,1227.59,1205.6,1217.26,1644722
55.3554,59.3544,1.1345,3.4035,1228.0,1233.47,1210.21,1220.01,1567264
45.566,60.8155,11.2126,30.2342,1205.9,1229.88,1204.79,1226.15,1531299
44.0655,59.8941,29.9296,56.151,1229.62,1230.0,1215.06,1223.71,1089896
36.1896,60.1764,51.9899,69.5845,1225.0,1226.09,1215.8,1224.77,1081723
82.6459,64.5943,75.2452,100.0,1237.0,1251.17,1236.17,1242.22,1493980
87.1198,65.3974,89.8615,100.0,1240.47,1256.5,1238.01,1245.61,1370913
91.0085,66.2463,100.0,100.0,1249.9,1255.54,1246.01,1249.1,848601
48.1911,60.9454,70.8899,12.6697,1243.0,1245.69,1232.0,1237.61,1108919
44.072,59.7797,37.5566,0.0,1236.98,1249.27,1233.64,1235.01,997346
32.7462,61.9187,15.2491,33.0775,1235.19,1245.87,1225.11,1242.1,1348194
-37.9341,50.5905,11.0258,0.0,1229.26,1235.24,1209.51,1214.38,1828814
-77.3882,47.904,11.0258,0.0,1224.73,1226.0,1202.55,1206.49,1343161
-133.7409,46.0579,-0.0,0.0,1202.03,1209.02,1188.24,1200.96,1389645
-116.4345,48.6807,5.5121,16.5364,1205.02,1211.0,1194.63,1207.77,870772
-97.9618,46.4827,8.6357,9.3707,1208.0,1217.26,1200.35,1201.62,1205580
-92.7657,48.7945,41.969,100.0,1200.0,1211.84,1199.0,1207.33,887389
-70.4305,48.0314,60.4954,72.1155,1207.14,1221.28,1204.24,1205.38,992604
-36.6323,54.0865,90.7052,100.0,1208.82,1221.65,1206.36,1220.65,946840
69.7044,60.89,90.7052,100.0,1227.6,1243.09,1225.72,1241.82,1156255
49.4417,56.3571,88.2495,64.7486,1241.29,1242.55,1228.69,1231.15,1304007
93.3942,61.5945,88.2495,100.0,1237.45,1250.66,1236.36,1249.3,1309312
68.492,57.4315,69.7671,44.5528,1244.23,1253.63,1232.59,1239.12,1331439
-17.8072,49.9557,48.1843,0.0,1234.98,1238.66,1211.29,1218.19,1816426
-104.4304,43.747,14.8509,0.0,1204.27,1212.99,1192.5,1197.0,1831045
-159.0492,41.0212,-0.0,0.0,1193.8,1199.01,1162.0,1186.48,2061309
-181.4521,37.4305,-0.0,0.0,1186.3,1186.3,1152.0,1171.44,1888467
-173.2191,35.9414,-0.0,0.0,1158.67,1175.26,1157.21,1164.83,1401404
-150.6289,35.8972,-0.0,0.0,1172.19,1174.54,1160.11,1164.64,1115796
-121.1003,41.1186,33.3333,100.0,1161.63,1178.68,1156.24,1177.36,1209565
-118.991,37.3714,42.7444,28.2331,1172.72,1178.61,1158.36,1162.82,1295472
-88.9692,42.248,76.0777,100.0,1170.74,1178.61,1162.85,1175.33,1431214
-75.222,41.4696,71.9925,87.7444,1179.1,1180.42,1168.33,1172.53,943978
-94.3917,37.1335,62.5815,0.0,1170.14,1177.24,1154.03,1156.05,1306522
-78.6562,39.2785,43.2283,41.9405,1157.09,1176.08,1157.09,1161.22,1203686
-67.8485,43.2589,47.3135,100.0,1164.98,1173.21,1154.58,1171.09,1191386
-23.1836,49.0134,80.6468,100.0,1179.99,1189.89,1173.36,1186.87,1225387
-41.0044,42.8504,82.7076,48.1227,1192.0,1192.21,1166.04,1166.09,4405584
-59.0655,45.4388,70.4678,63.2806,1157.17,1178.0,1146.91,1173.37,1271017
-17.4336,49.2726,70.4678,100.0,1176.15,1186.88,1168.0,1184.65,977731
0.6935,47.9349,80.817,79.1704,1185.15,1194.23,1174.77,1180.49,1462253
60.0633,52.6444,93.0568,100.0,1186.73,1202.1,1183.63,1194.64,1260754
77.5052,52.2237,91.1109,94.1623,1191.87,1195.41,1184.5,1193.47,1380629
146.2047,52.8616,98.0541,100.0,1199.89,1209.9,1190.3,1195.31,1357604
151.2582,54.5658,98.0541,100.0,1190.96,1209.96,1186.63,1200.11,1687914
143.4034,55.5889,100.0,100.0,1205.0,1206.41,1193.83,1202.95,1256214
-24.0288,42.8661,66.6667,0.0,1195.33,1197.51,1155.58,1168.19,2209490
-111.9839,39.8064,33.3333,0.0,1167.5,1173.5,1145.12,1157.35,1184452
-159.3061,37.5736,-0.0,0.0,1150.11,1168.0,1127.36,1148.97,1932355
-162.2628,35.0119,-0.0,0.0,1146.15,1154.35,1137.57,1138.82,1308764
-297.221,24.7145,-0.0,0.0,1131.08,1132.17,1081.13,1081.22,2675742
-259.3464,24.4589,-0.0,0.0,1072.94,1106.4,1068.27,1079.32,2950120
-161.905,35.997,29.3262,87.9785,1108.0,1115.0,1086.4,1110.08,2101303
-143.984,32.8636,53.6072,72.843,1108.91,1113.45,1089.0,1092.25,1372393
-89.3494,41.7536,86.9405,100.0,1104.59,1124.22,1102.5,1121.28,1928540
-79.1745,40.6377,88.7969,93.5478,1126.46,1128.99,1102.19,1115.69,1467226
-103.8089,35.5622,74.6343,30.355,1121.84,1121.84,1077.09,1087.97,2094524
-88.0535,38.1117,60.9789,59.0338,1093.37,1110.36,1087.75,1096.46,1267649
-73.7126,39.5379,51.2007,64.2135,1103.06,1112.23,1091.0,1101.16,1514220
-78.0631,40.3349,72.4275,94.0354,1080.89,1107.89,1070.0,1103.69,1848654
-109.0898,31.0916,52.7496,0.0,1104.25,1106.12,1048.74,1050.71,1982430
-64.5531,43.0023,64.6785,100.0,1071.79,1110.98,1069.55,1095.57,2545839
-96.3426,39.0929,55.7259,67.1778,1037.03,1106.53,1034.09,1071.47,4187586
-153.2291,32.3412,59.223,10.4914,1082.47,1097.04,995.83,1020.08,3880723
-173.2898,36.0732,39.8312,41.8245,1008.46,1037.49,1000.75,1036.21,3212657
-62.9629,44.381,50.772,100.0,1059.81,1091.94,1057.0,1076.77,2529768
-64.686,43.3679,77.8033,91.5855,1075.8,1083.97,1062.46,1070.0,1481979
-75.0466,41.5268,89.2929,76.2933,1073.73,1082.97,1054.61,1057.79,1839043
-133.3567,38.9456,67.4844,34.5743,1055.0,1058.47,1021.24,1040.09,2441430
-85.1502,42.3716,57.9664,63.0317,1039.48,1064.35,1038.07,1055.81,1233306
17.0509,49.6461,65.8687,100.0,1069.0,1095.46,1065.9,1093.39,2058356
10.1129,47.7479,81.7641,82.2606,1091.38,1093.27,1072.2,1082.4,1488182
-41.2327,45.0077,79.6376,56.6523,1073.99,1075.56,1053.11,1066.15,1343313
-99.212,40.7432,46.3043,0.0,1061.39,1062.12,1031.0,1038.63,1471758
-98.8016,40.3571,18.8841,0.0,1043.29,1056.61,1031.15,1036.05,1513702
-83.9538,42.0998,7.86,23.5799,1050.0,1054.56,1031.0,1043.66,1565945
-33.684,46.736,41.1933,100.0,1044.71,1071.85,1031.78,1064.71,1836084
-16.7889,46.1275,71.3471,90.4615,1059.41,1067.0,1048.98,1061.49,1658116
-108.9479,39.0695,63.4872,0.0,1057.2,1060.79,1016.26,1020.0,1858614
-148.1689,40.4322,36.0787,17.7747,1000.0,1031.74,996.02,1025.76,2449130
-57.0049,43.2444,24.0772,54.457,1036.76,1048.56,1033.47,1037.61,1534274
-94.1766,40.8387,32.4327,25.0664,1030.0,1037.59,1022.4,1023.88,691462
-26.319,46.603,59.8411,100.0,1038.35,1049.31,1033.91,1048.62,1942822
-16.6894,45.7855,70.606,86.7516,1041.0,1057.58,1038.49,1044.41,1803164
72.4414,54.352,95.5839,100.0,1048.76,1086.84,1035.76,1086.23,2475419
136.8556,54.7333,95.5839,100.0,1076.08,1094.24,1076.0,1088.3,1468859
138.1198,55.9078,100.0,100.0,1089.07,1095.57,1077.88,1094.43,2580612
187.9453,58.1945,100.0,100.0,1123.14,1124.65,1103.66,1106.43,1990758
35.3975,46.2292,66.6667,0.0,1103.12,1104.42,1049.98,1050.82,2345166
-5.0055,49.8085,43.3047,29.9141,1034.26,1071.2,1030.77,1068.73,2769225
-35.5905,44.1297,9.9714,0.0,1060.01,1075.26,1028.5,1036.58,2101206
-65.07,44.7563,11.4564,4.4551,1035.05,1048.45,1023.29,1039.55,1807725
-10.6686,47.3676,20.4908,57.0174,1056.49,1060.6,1039.84,1051.75,1394731
56.1018,49.8633,53.8242,100.0,1068.0,1081.65,1062.79,1063.68,1523804
35.8388,49.4863,83.4805,93.424,1068.07,1079.76,1053.93,1061.9,1329768
-30.1484,45.3761,68.5197,12.135,1049.98,1062.6,1040.79,1042.1,1686619
-104.5998,40.6773,35.1863,0.0,1037.51,1053.15,1007.9,1016.53,2385364
-70.9304,43.6696,14.903,32.5741,1026.09,1049.48,1021.44,1028.71,2192533
-78.1802,42.587,18.0842,21.6786,1033.99,1062.0,1008.05,1023.01,2479338
-138.1266,40.0367,18.0842,0.0,1018.13,1034.22,996.36,1009.41,2673464
-184.2915,35.0693,7.2262,0.0,1015.3,1024.02,973.69,979.54,4595891
-188.1344,34.5561,-0.0,0.0,973.9,1003.54,970.11,976.22,1590328
-72.837,49.6658,33.3333,100.0,989.01,1040.0,983.0,1039.46,2373270
-47.934,50.5256,66.6667,100.0,1017.15,1043.89,997.0,1043.88,2109777
-8.4936,49.135,97.0975,91.2925,1049.62,1055.56,1033.1,1037.08,1413772
-15.6872,48.8222,93.5421,89.3337,1050.96,1052.7,1023.59,1035.61,1493722
-6.8097,51.155,93.5421,100.0,1016.57,1052.32,1015.71,1045.85,1532608
-27.5102,44.7626,63.1112,0.0,1041.0,1056.98,1014.07,1016.06,1841066
87.6591,55.6994,66.6667,100.0,1032.59,1070.84,1027.42,1070.71,2093894
121.9063,55.1997,65.1438,95.4314,1071.5,1074.0,1054.76,1068.39,1981874
138.9265,56.6248,98.4771,100.0,1076.11,1084.56,1060.53,1076.28,1765267
121.3673,56.2293,97.3658,96.6659,1081.65,1082.63,1066.4,1074.66,1199272
87.0512,55.1211,65.5553,0.0,1067.66,1071.15,1057.71,1070.33,1456421
58.8544,51.7857,32.222,0.0,1063.18,1063.78,1048.48,1057.19,1520756
27.6025,48.7628,-0.0,0.0,1046.92,1051.53,1041.26,1044.69,1144263
98.2463,55.9532,32.1005,96.3014,1050.17,1080.05,1047.34,1077.15,1463570
131.8673,56.7229,65.4338,100.0,1080.0,1092.38,1079.34,1080.97,1331819
116.9926,58.5465,98.7671,100.0,1079.47,1091.8,1073.5,1089.9,1242664
136.5068,60.2359,100.0,100.0,1100.0,1108.35,1090.9,1098.26,1955559
66.029,52.579,66.6667,0.0,1088.0,1091.51,1063.47,1070.52,1613527
56.1955,53.732,38.353,15.059,1077.35,1084.93,1059.75,1075.57,966956
43.2485,53.2707,8.0311,9.0344,1076.48,1079.47,1060.7,1073.9,1361673
101.5706,57.3098,28.6262,61.7851,1085.0,1094.0,1081.82,1090.99,1119216
31.4576,51.4501,23.6065,0.0,1080.11,1083.0,1063.8,1070.08,1284281
-11.5278,49.0087,20.595,0.0,1072.68,1075.15,1055.86,1060.62,1021819
72.5814,55.7993,27.2678,81.8034,1068.43,1091.0,1066.85,1089.06,1279822
199.589,61.1496,60.6011,100.0,1103.0,1117.33,1095.41,1116.37,1538324
192.7952,59.5521,89.5484,86.8418,1112.4,1125.0,1104.89,1110.75,1462208
200.7433,63.5731,95.6139,100.0,1112.66,1132.8,1109.02,1132.8,2576470
202.4299,65.7655,95.6139,100.0,1124.84,1146.85,1117.25,1145.99,3552194
132.5087,57.13,66.6667,0.0,1139.57,1147.0,1112.77,1115.23,2105592
32.0703,53.0974,33.3333,0.0,1104.16,1104.84,1086.0,1098.71,2044827
17.9422,52.2204,-0.0,0.0,1087.0,1098.91,1086.55,1095.06,1075769
27.449,52.2077,-0.0,0.0,1096.95,1105.94,1092.86,1095.01,1065194
89.5463,58.0148,33.3333,100.0,1106.8,1125.3,1105.85,1121.37,1609513
103.7523,57.6684,64.6784,94.0351,1124.99,1134.73,1118.5,1120.16,1049781
78.0801,58.0054,97.9576,99.8379,1118.05,1128.23,1110.44,1121.67,947632
65.1636,55.4793,83.4038,56.3384,1130.08,1131.67,1110.65,1113.65,1449830
53.3322,56.7219,68.3951,49.009,1110.0,1121.89,1110.0,1118.56,1046628
39.3686,55.1159,35.1158,0.0,1119.99,1123.41,1105.28,1113.8,1087817
-15.2858,49.752,16.3363,0.0,1110.84,1111.94,1092.52,1096.97,1415473
-1.8181,53.6221,18.5084,55.5253,1100.9,1111.24,1095.6,1110.37,1049545
20.3148,53.302,35.4864,50.9337,1116.0,1118.54,1107.27,1109.4,1413061
12.1201,55.0102,68.1631,98.0302,1105.75,1119.51,1099.92,1115.13,1471743
0.2036,55.293,82.988,100.0,1106.95,1117.98,1101.0,1116.05,968760
48.4728,56.5306,99.3434,100.0,1111.3,1127.65,1111.01,1119.92,1542609
155.8671,62.6012,100.0,100.0,1124.9,1142.97,1124.75,1140.99,1450316
185.6832,64.3348,100.0,100.0,1146.99,1158.28,1130.69,1147.8,1446047
224.4346,67.7038,100.0,100.0,1150.06,1169.61,1146.19,1162.03,1443174
201.1099,65.7439,94.1531,82.4593,1162.49,1167.57,1155.49,1157.86,1099289
110.4218,59.2903,60.8198,0.0,1155.72,1156.76,1134.91,1143.3,1166559
66.6957,58.8714,27.4864,0.0,1126.73,1147.08,1123.3,1142.32,1212489
157.1132,67.3485,31.9925,95.9775,1144.45,1176.19,1144.45,1175.76,1719192
204.6928,70.7361,65.3258,100.0,1178.26,1200.0,1178.26,1193.2,2013115
180.6251,70.7586,98.6592,100.0,1200.64,1200.93,1191.94,1193.32,1435936
138.1332,67.1609,89.9116,69.7349,1194.51,1197.88,1184.48,1185.55,1172815
116.0802,66.649,56.5783,0.0,1193.38,1196.57,1182.61,1184.46,2459957
94.51,66.5487,23.245,0.0,1183.3,1190.0,1177.42,1184.26,1292633
106.3358,70.0835,27.9882,83.9647,1188.81,1200.0,1185.87,1198.85,1520688
134.6531,74.9848,61.3216,100.0,1197.35,1227.14,1196.17,1223.97,2227786
140.4842,76.2476,94.6549,100.0,1216.0,1231.79,1213.15,1231.54,1204045
102.2836,64.2345,66.6667,0.0,1226.32,1230.0,1202.83,1205.5,1714247
58.5279,59.3967,33.3333,0.0,1196.93,1206.4,1187.04,1193.0,1496843
36.3084,56.3336,-0.0,0.0,1198.53,1202.83,1176.72,1184.62,1901156
-7.6121,52.312,-0.0,0.0,1185.5,1187.56,1159.37,1173.02,1400240
-36.7315,50.7872,-0.0,0.0,1171.54,1171.57,1159.43,1168.49,1012430
-28.683,52.3778,6.1582,18.4746,1174.9,1178.99,1162.88,1173.31,1269979
31.5426,58.6797,39.4915,100.0,1184.1,1196.66,1182.0,1194.43,1252757
45.0699,60.3029,72.8249,100.0,1195.32,1201.35,1185.71,1200.49,827973
85.3526,61.7528,100.0,100.0,1207.48,1216.3,1200.5,1205.92,1017838
98.4005,64.1132,100.0,100.0,1205.94,1215.67,1204.13,1215.0,950747
82.4411,60.6295,78.6286,35.8859,1214.99,1216.22,1205.03,1207.15,907152
48.4166,59.1696,45.2953,0.0,1207.89,1208.69,1199.86,1203.84,860363
9.4152,56.2648,11.962,0.0,1196.0,1202.29,1193.08,1197.25,876381
25.8297,57.9223,7.0397,21.1191,1200.68,1203.79,1196.43,1202.16,724643
41.7866,58.9161,26.1373,57.293,1203.96,1207.96,1200.13,1204.62,709417
